Workbook

Sheet Progress score
A1: The content of these columns is used to generate the PDF to be published (use the PDF export function in this software). | E1: Columns to help complete the ecodesign declaration (not published in the generated PDF)
A2: Ecodesign declaration of conformity SMART LIBRARY 15/11/2025 | E2: This spreadsheet has been produced to make it easier to draw up an ecodesign declaration, as part of the implementation of the general policy framework for the ecodesign of digital services (version 2024). It enables users to draw up their ecodesign declaration (a PDF export is available, which can be used as an ecodesign declaration) and to calculate the service's progress score. This .xlsx version (Office Open XML) is intended for Microsoft Excel, OnlyOffice, Google Sheets or Apple Numbers.
A3: The [to be completed] service implement an ecodesign approach aimed at reducing its environmental footprint. To this end, this declaration was drafted on [date to be completed], as part of the implementation of the General Policy Framework for the Ecodesign of Digital Services (2024 version). The General Policy Framework for the Ecodesign of Digital Services, a document produced by Arcep and Arcom in collaboration with ADEME, DINUM, CNIL and Inria, is available on the Arcep website. Its implementation has four main goals: 1) Design more sustainable digital services to extend devices’ lifespan; 2) Promote a mindset of striving for eco-sufficiency in response to online attention-grabbing strategies, to align with international environmental targets; 3) Decrease the IT resources mobilised over the digital service’s life cycle, including by optimising data traffic and digital infrastructure use; 4) Increase transparency on the digital service’s environmental footprint. | E3: If you use LibreOffice Calc, Collabora Office Calc, Calligra Sheets and Apache OpenOffice Calc, prefer the .ods (OpenDocument 1.3) version of this spreadsheet, available on https://www.arcep.fr/fileadmin/user_upload/nos-sujets/environnement/rgesn_2024_ecodesign_declaration_tool.ods The left-hand side (white or grey background) of each sheet corresponds to the content of a page when the PDF is generated. The text in square brackets on the ‘Progress Score’ sheet and the empty boxes on the following sheets must be filled in. This 14-page PDF is now ready for publication as an ecodesign declaration. The central part (dark yellow background) is outside the area used to generate the PDF. Some boxes are for internal use (‘Level of difficulty’, ‘Actions to be taken’, ‘Who does?’, ‘For when?’): you should only complete these boxes if it will help you to progress or complete the declaration. The right-hand side (light yellow background) contains boxes to help you assess the criteria, examples of ecodesign declarations or boxes giving information on the score awarded on the basis of the assessment completed in the left-hand section. These boxes are not published in the generated PDF.
E4: Instructions for generating the ecodesign declaration PDF with Microsoft Excel: In the "File" menu, click on "Export" then "Create PDF". In the window that appears, click on "Options...". There are 4 boxes to check: 1/ in "Content to publish": check the "Entire workbook" button to create a PDF with the 14 sheets of this document; 2/ in "Include non-printable information": check the "Structure tags for accessibility" box to make the PDF more accessible; 3/ in "PDF Option": check the "PDF/A compatible" box. Click on "OK", then on "Publish", the 14-page PDF is created, ready to be published.
B5: Name of service evaluated | C5: Smart Library
B6: Samples used to establish ecodesign diagnosis | C6: Project documentation, architecture diagrams, UI mock-ups, backend logic, and team technical notes
B7: Entity carrying out the valuation | C7: Student development team – Smart Library
B8: Name of the person responsible for this assessment | C8: Mintesnot Nigusu YIMER And Moeez Ahmed
B10: Global Progress Score | C10: =E11/F11 -> 0.62608696 | E10: Total score | F10: Total denominator
B11: Date of evaluation | C11: 15/11/2025 | E11: =SUM(E14:E22) -> 54 | F11: =SUM(F14:F22) -> 86.25
B13: Score by theme : | E13: Score by theme (total) | F13: Denominator by theme (total) | G13: Score by page (1) | H13: Score by page (2) | I13: Denominator by page (1) | J13: Denominator by page (2)
B14: 1 – Strategy (details page 2 and page 3) | C14: =IF(F14,E14/F14,"Not applicable") -> 0.92592593 | E14: =SUM(G14:H14) -> 12.5 | F14: =SUM(I14:J14) -> 13.5 | G14: ='1 Strategy (1)'!L3+'1 Strategy (1)'!L5+'1 Strategy (1)'!L7+'1 Strategy (1)'!L9+'1 Strategy (1)'!L11 -> 7.25 | H14: ='1 Strategy (2)'!L3+'1 Strategy (2)'!L5+'1 Strategy (2)'!L7+'1 Strategy (2)'!L9+'1 Strategy (2)'!L11 -> 5.25 | I14: ='1 Strategy (1)'!M3+'1 Strategy (1)'!M5+'1 Strategy (1)'!M7+'1 Strategy (1)'!M9+'1 Strategy (1)'!M11 -> 7.25 | J14: ='1 Strategy (2)'!M3+'1 Strategy (2)'!M5+'1 Strategy (2)'!M7+'1 Strategy (2)'!M9+'1 Strategy (2)'!M11 -> 6.25
B15: 2 – Specifications (details page 4 and page 5) | C15: =IF(F15,E15/F15,"Not applicable") -> 1 | E15: =SUM(G15:H15) -> 14 | F15: =SUM(I15:J15) -> 14 | G15: ='2 Specifications (1)'!L3+'2 Specifications (1)'!L5+'2 Specifications (1)'!L7+'2 Specifications (1)'!L9+'2 Specifications (1)'!L11 -> 7.25 | H15: ='2 Specifications (2)'!L3+'2 Specifications (2)'!L5+'2 Specifications (2)'!L7+'2 Specifications (2)'!L9+'2 Specifications (2)'!L11 -> 6.75 | I15: ='2 Specifications (1)'!M3+'2 Specifications (1)'!M5+'2 Specifications (1)'!M7+'2 Specifications (1)'!M9+'2 Specifications (1)'!M11 -> 7.25 | J15: ='2 Specifications (2)'!M3+'2 Specifications (2)'!M5+'2 Specifications (2)'!M7+'2 Specifications (2)'!M9+'2 Specifications (2)'!M11 -> 6.75
B16: 3 – Architecture (details page 6) | C16: =IF(F16,E16/F16,"Not applicable") -> 0.36363636 | E16: =SUM(G16:H16) -> 3 | F16: =SUM(I16:J16) -> 8.25 | G16: ='3 Architecture'!L3+'3 Architecture'!L5+'3 Architecture'!L7+'3 Architecture'!L9+'3 Architecture'!L11+'3 Architecture'!L13+'3 Architecture'!L15 -> 3 | I16: ='3 Architecture'!M3+'3 Architecture'!M5+'3 Architecture'!M7+'3 Architecture'!M9+'3 Architecture'!M11+'3 Architecture'!M13+'3 Architecture'!M15 -> 8.25
B17: 4 – User Experience and Interface (details page 7 and page 8) | C17: =IF(F17,E17/F17,"Not applicable") -> 0.30555556 | E17: =SUM(G17:H17) -> 5.5 | F17: =SUM(I17:J17) -> 18 | G17: ='4 UX UI (1)'!L3+'4 UX UI (1)'!L5+'4 UX UI (1)'!L7+'4 UX UI (1)'!L9+'4 UX UI (1)'!L11+'4 UX UI (1)'!L13+'4 UX UI (1)'!L15+'4 UX UI (1)'!L17 -> 4.25 | H17: ='4 UX UI (2)'!L3+'4 UX UI (2)'!L5+'4 UX UI (2)'!L7+'4 UX UI (2)'!L9+'4 UX UI (2)'!L11+'4 UX UI (2)'!L13+'4 UX UI (2)'!L15 -> 1.25 | I17: ='4 UX UI (1)'!M3+'4 UX UI (1)'!M5+'4 UX UI (1)'!M7+'4 UX UI (1)'!M9+'4 UX UI (1)'!M11+'4 UX UI (1)'!M13+'4 UX UI (1)'!M15+'4 UX UI (1)'!M17 -> 9.75 | J17: ='4 UX UI (2)'!M3+'4 UX UI (2)'!M5+'4 UX UI (2)'!M7+'4 UX UI (2)'!M9+'4 UX UI (2)'!M11+'4 UX UI (2)'!M13+'4 UX UI (2)'!M15 -> 8.25
B18: 5 – Content (details page 9) | C18: =IF(F18,E18/F18,"Not applicable") -> 0 | E18: =SUM(G18:H18) -> 0 | F18: =SUM(I18:J18) -> 3.25 | G18: ='5 Content'!L3+'5 Content'!L5+'5 Content'!L7+'5 Content'!L9+'5 Content'!L11+'5 Content'!L13+'5 Content'!L15+'5 Content'!L17 -> 0 | I18: ='5 Content'!M3+'5 Content'!M5+'5 Content'!M7+'5 Content'!M9+'5 Content'!M11+'5 Content'!M13+'5 Content'!M15+'5 Content'!M17 -> 3.25
B19: 6 – Frontend (details page 10) | C19: =IF(F19,E19/F19,"Not applicable") -> 0.46875 | E19: =SUM(G19:H19) -> 3.75 | F19: =SUM(I19:J19) -> 8 | G19: ='6 Frontend'!L3+'6 Frontend'!L5+'6 Frontend'!L7+'6 Frontend'!L9+'6 Frontend'!L11+'6 Frontend'!L13+'6 Frontend'!L15 -> 3.75 | I19: ='6 Frontend'!M3+'6 Frontend'!M5+'6 Frontend'!M7+'6 Frontend'!M9+'6 Frontend'!M11+'6 Frontend'!M13+'6 Frontend'!M15 -> 8
B20: 7 – Backend (details page 11) | C20: =IF(F20,E20/F20,"Not applicable") -> 0.35714286 | E20: =SUM(G20:H20) -> 1.25 | F20: =SUM(I20:J20) -> 3.5 | G20: ='7 Backend'!L3+'7 Backend'!L5+'7 Backend'!L7+'7 Backend'!L9 -> 1.25 | I20: ='7 Backend'!M3+'7 Backend'!M5+'7 Backend'!M7+'7 Backend'!M9 -> 3.5
B21: 8 – Hosting (details page 12 and page 13) | C21: =IF(F21,E21/F21,"Not applicable") -> 0.78571429 | E21: =SUM(G21:H21) -> 8.25 | F21: =SUM(I21:J21) -> 10.5 | G21: ='8 Hosting (1)'!L4+'8 Hosting (1)'!L6+'8 Hosting (1)'!L8+'8 Hosting (1)'!L10+'8 Hosting (1)'!L12 -> 5.75 | H21: ='8 Hosting (2)'!L3+'8 Hosting (2)'!L5+'8 Hosting (2)'!L7+'8 Hosting (2)'!L9+'8 Hosting (2)'!L11 -> 2.5 | I21: ='8 Hosting (1)'!M4+'8 Hosting (1)'!M6+'8 Hosting (1)'!M8+'8 Hosting (1)'!M10+'8 Hosting (1)'!M12 -> 5.75 | J21: ='8 Hosting (2)'!M3+'8 Hosting (2)'!M5+'8 Hosting (2)'!M7+'8 Hosting (2)'!M9+'8 Hosting (2)'!M11 -> 4.75
B22: 9 – Algorithmics (details page 14) | C22: =IF(F22,E22/F22,"Not applicable") -> 0.79310345 | E22: =SUM(G22:H22) -> 5.75 | F22: =SUM(I22:J22) -> 7.25 | G22: ='9 Algorithmics'!L3+'9 Algorithmics'!L5+'9 Algorithmics'!L7+'9 Algorithmics'!L9+'9 Algorithmics'!L11+'9 Algorithmics'!L13+'9 Algorithmics'!L15 -> 5.75 | I22: ='9 Algorithmics'!M3+'9 Algorithmics'!M5+'9 Algorithmics'!M7+'9 Algorithmics'!M9+'9 Algorithmics'!M11+'9 Algorithmics'!M13+'9 Algorithmics'!M15 -> 7.25
A24: Progress score from previous assessments No previous RGESN assessments have been conducted for this service. The Smart Library digital service aims to improve this progress score to 90% compliance in 2027. | E24: The progress score is calculated as follows: [SUM OF VALIDATED CRITERIA WITH WEIGHTING / TOTAL POINTS OF APPLICABLE CRITERIA WITH WEIGHTING ] x 100 i.e. : [ Number of validated ‘Top priority’ criteria x 1.5 + Number of validated ‘Recommended’ criteria x 1.25 + Number of validated ‘Moderate’ criteria / Number of validated and non-validated applicable ‘Top priority’ criteria x 1.5 + Number of validated and non-validated applicable ‘Recommended’ criteria x 1.25 + Number of validated and non-validated applicable ‘Moderate’ criteria ] x 100
A26: Progress plan for the digital service ecodesign approach In addition, the following courses of action have been or will be implemented: • Improve navigation efficiency (4.3) • Add notification preferences (4.13) • Define log retention periods (7.2) • Implement lightweight caching (9.7) To this end, reviews and audits are carried out every 12 months.
E27: .ods file (OpenDocument 1.3) created with LibreOffice Calc 7.6, on 6 May 2024 by Arcep.

Sheet 1 Strategy (1)
A1: The content of these columns is used to generate the PDF to be published (use the PDF export function in this software). | H1: Columns for internal use (not published in the generated PDF) Complete these boxes if this will help you to progress. | L1: Columns to help assess the criterion (not published in the generated PDF) and example of an ecodesign declaration
A2: ID | C2: Name of the criteria | D2: Level of priority | E2: Evaluation | F2: Date of Evaluation | G2: Potential developments | H2: Level of difficulty | I2: Actions to be taken | J2: Who does ? | K2: For when ? | L2: Score By ID | M2: Denominator | N2: Target | O2: Summary of the means of testing or checking (consult the RGESN for the full version)
A3: 1 – Stratégy (1/2) | B3: 1.1 | C3: Has the digital service been assessed favourably in terms of utility by taking its impact on the environment into account? | D3: Top priority | E3: Validated | F3: 15/11/2025 | G3: Improve documentation of environmental benefits and refine the comparison with non-digital alternatives. | H3: High | L3: =IFS(D3="Top priority",IFS(E3="Validated",1.5,E3="Ongoing",0,E3="Not validated",0,E3="Not applicable",0,E3="To evaluate",0),D3="Recommanded",IFS(E3="Validated",1.25,E3="Ongoing",0,E3="Not validated",0,E3="Not applicable",0,E3="To evaluate",0),D3="Moderate",IFS(E3="Validated",1,E3="Ongoing",0,E3="Not validated",0,E3="Not applicable",0,E3="To evaluate",0)) -> 1.5 | M3: =IFS(D3="Top priority",IFS(E3="Validated",1.5,E3="Ongoing",1.5,E3="Not validated",1.5,E3="Non applicable",0,E3="To evaluate",1.5),D3="Recommanded",IFS(E3="Validated",1.25,E3="Ongoing",1.25,E3="Not validated",1.25,E3="Non applicable",0,E3="To evaluate",1.25),D3="Moderate",IFS(E3="Validated",1,E3="Ongoing",1,E3="Not validated",1,E3="Non applicable",0,E3="To evaluate",1)) -> 1.5 | N3: Applicable to all services | O3: Utility was assessed using RGESN 1.1 guidelines: identification of SDGs, comparison with non-digital alternatives, confirmation of user needs, and validation that the service provides more value than the resources it consumes.
H4: The service Smart Library has been favourably assessed in terms of its utility, taking into account SDG 11 and SDG 12. Indeed, the service enables better use of study spaces, reduces unnecessary student movement, and limits energy waste by improving the management of room occupancy.
B5: 1.2 | C5: Has the digital service defined its target users, the target users’ actual job-related needs and expectations? | D5: Top priority | E5: Validated | F5: 15/11/2025 | G5: Conduct a more formal user survey to refine personas and confirm evolving needs. | H5: Low | L5: =IFS(D5="Top priority",IFS(E5="Validated",1.5,E5="Ongoing",0,E5="Not validated",0,E5="Not applicable",0,E5="To evaluate",0),D5="Recommanded",IFS(E5="Validated",1.25,E5="Ongoing",0,E5="Not validated",0,E5="Not applicable",0,E5="To evaluate",0),D5="Moderate",IFS(E5="Validated",1,E5="Ongoing",0,E5="Not validated",0,E5="Not applicable",0,E5="To evaluate",0)) -> 1.5 | M5: =IFS(D5="Top priority",IFS(E5="Validated",1.5,E5="Ongoing",1.5,E5="Not validated",1.5,E5="Not applicable",0,E5="To evaluate",1.5),D5="Recommanded",IFS(E5="Validated",1.25,E5="Ongoing",1.25,E5="Not validated",1.25,E5="Not applicable",0,E5="To evaluate",1.25),D5="Moderate",IFS(E5="Validated",1,E5="Ongoing",1,E5="Not validated",1,E5="Not applicable",0,E5="O7",1)) -> 1.5 | N5: Applicable to all services | O5: User needs were analysed through simple interviews and observation of real study-room usage patterns. This confirms that the target users and their expectations are well understood, satisfying RGESN 1.2 requirements.
H6: The service Smart Library has clearly identified its primary users (students) and secondary users (library staff). Their main need—quickly finding an available study room—was validated during project discussions and direct observation. The service design focuses only on features that respond to these needs.
B7: 1.3 | C7: Does the digital service have at least one identified ecodesign supervisor? | D7: Recommanded | E7: Validated | F7: 15/11/2025 | G7: Document the supervisor’s responsibilities more formally and update them each semester | H7: Low | L7: =IFS(D7="Top priority",IFS(E7="Validated",1.5,E7="Ongoing",0,E7="Not validated",0,E7="Not applicable",0,E7="To evaluate",0),D7="Recommanded",IFS(E7="Validated",1.25,E7="Ongoing",0,E7="Not validated",0,E7="Not applicable",0,E7="To evaluate",0),D7="Moderate",IFS(E7="Validated",1,E7="Ongoing",0,E7="Not validated",0,E7="Not applicable",0,E7="To evaluate",0)) -> 1.25 | M7: =IFS(D7="Top priority",IFS(E7="Validated",1.5,E7="Ongoing",1.5,E7="Not validated",1.5,E7="Not applicable",0,E7="To evaluate",1.5),D7="Recommanded",IFS(E7="Validated",1.25,E7="Ongoing",1.25,E7="Not validated",1.25,E7="Not applicable",0,E7="To evaluate",1.25),D7="Moderate",IFS(E7="Validated",1,E7="Ongoing",1,E7="Not validated",1,E7="Not applicable",0,E7="To evaluate",1)) -> 1.25 | N7: Applicable to all services | O7: Validation is based on naming the ecodesign supervisor in project documentation, in line with RGESN requirements. The role and responsibilities are recorded and accessible, fulfilling the need for a designated person to oversee ecodesign within the service.
H8: The service Smart Library has an identified ecodesign supervisor responsible for promoting sustainable practices during development. This role ensures consistency in ecodesign decisions and supports the team in applying RGESN best practices.
B9: 1.4 | C9: Does the digital service perform regular reviews to check the compliance of its ecodesign strategy? | D9: Top priority | E9: Validated | F9: 15/11/2025 | G9: Plan a simple annual ecodesign review to update the declaration and track improvements. | H9: Medium | L9: =IFS(D9="Top priority",IFS(E9="Validated",1.5,E9="Ongoing",0,E9="Not validated",0,E9="Not applicable",0,E9="To evaluate",0),D9="Recommanded",IFS(E9="Validated",1.25,E9="Ongoing",0,E9="Not validated",0,E9="Not applicable",0,E9="To evaluate",0),D9="Moderate",IFS(E9="Validated",1,E9="Ongoing",0,E9="Not validated",0,E9="Not applicable",0,E9="To evaluate",0)) -> 1.5 | M9: =IFS(D9="Top priority",IFS(E9="Validated",1.5,E9="Ongoing",1.5,E9="Not validated",1.5,E9="Not applicable",0,E9="To evaluate",1.5),D9="Recommanded",IFS(E9="Validated",1.25,E9="Ongoing",1.25,E9="Not validated",1.25,E9="Not applicable",0,E9="To evaluate",1.25),D9="Moderate",IFS(E9="Validated",1,E9="Ongoing",1,E9="Not validated",1,E9="Not applicable",0,E9="To evaluate",1)) -> 1.5 | N9: Applicable to all services | O9: Regular self-assessments based on the RGESN framework confirm compliance. Documentation of these reviews and updates to the ecodesign declaration satisfy the monitoring requirements.
H10: The service Smart Library performs informal reviews of its ecodesign practices during development, ensuring that resource use, performance, and sustainability targets remain aligned with RGESN principles.
B11: 1.5 | C11: Has the digital service set itself goals in terms of reducing or limiting its own environmental impacts? | D11: Top priority | E11: Validated | F11: 15/11/2025 | G11: Define simple measurable indicators (e.g., energy use per room monitored) for future tracking. | H11: High | L11: =IFS(D11="Top priority",IFS(E11="Validated",1.5,E11="Ongoing",0,E11="Not validated",0,E11="Not applicable",0,E11="To evaluate",0),D11="Recommanded",IFS(E11="Validated",1.25,E11="Ongoing",0,E11="Not validated",0,E11="Not applicable",0,E11="To evaluate",0),D11="Moderate",IFS(E11="Validated",1,E11="Ongoing",0,E11="Not validated",0,E11="Not applicable",0,E11="To evaluate",0)) -> 1.5 | M11: =IFS(D11="Top priority",IFS(E11="Validated",1.5,E11="Ongoing",1.5,E11="Not validated",1.5,E11="Not applicable",0,E11="To evaluate",1.5),D11="Recommanded",IFS(E11="Validated",1.25,E11="Ongoing",1.25,E11="Not validated",1.25,E11="Not applicable",0,E11="To evaluate",1.25),D11="Moderate",IFS(E11="Validated",1,E11="Ongoing",1,E11="Not validated",1,E11="Not applicable",0,E11="To evaluate",1)) -> 1.5 | N11: Applicable to all services | O11: Environmental considerations were reviewed during design, focusing on reduced energy waste in unused rooms and limiting data collection and processing. These goals align with RGESN expectations for defining and monitoring environmental impact objectives.
H12: The service Smart Library has set basic goals to reduce environmental impacts by optimising room usage, decreasing unnecessary lighting and heating, and limiting data processing to essential functions. These goals guide design choices toward lower energy and resource consumption.

Sheet 1 Strategy (2)
A1: The content of these columns is used to generate the PDF to be published (use the PDF export function in this software). | H1: Columns for internal use (not published in the generated PDF) Complete these boxes if this will help you to progress. | L1: Columns to help assess the criterion (not published in the generated PDF) and example of an ecodesign declaration
A2: ID | C2: Name of the criteria | D2: Level of priority | E2: Evaluation | F2: Date of Evaluation | G2: Potential developments | H2: Level of difficulty | I2: Actions to be taken | J2: Who does ? | K2: For when ? | L2: Score By ID | M2: Denominator | N2: Target | O2: Summary of the means of testing or checking (consult the RGESN for the full version)
A3: 1 – Stratégy (2/2) | B3: 1.6 | C3: Does the digital service collect data in a responsible and judicious manner? | D3: Recommanded | E3: Validated | F3: 15/11/2025 | G3: Review data collection annually to ensure no unnecessary new data types are added. | H3: Medium | L3: =IFS(D3="Top priority",IFS(E3="Validated",1.5,E3="Ongoing",0,E3="Not validated",0,E3="Not applicable",0,E3="To evaluate",0),D3="Recommanded",IFS(E3="Validated",1.25,E3="Ongoing",0,E3="Not validated",0,E3="Not applicable",0,E3="To evaluate",0),D3="Moderate",IFS(E3="Validated",1,E3="Ongoing",0,E3="Not validated",0,E3="Not applicable",0,E3="To evaluate",0)) -> 1.25 | M3: =IFS(D3="Top priority",IFS(E3="Validated",1.5,E3="Ongoing",1.5,E3="Not validated",1.5,E3="Not applicable",0,E3="To evaluate",1.5),D3="Recommanded",IFS(E3="Validated",1.25,E3="Ongoing",1.25,E3="Not validated",1.25,E3="Not applicable",0,E3="To evaluate",1.25),D3="Moderate",IFS(E3="Validated",1,E3="Ongoing",1,E3="Not validated",1,E3="Not applicable",0,E3="To evaluate",1)) -> 1.25 | N3: Applicable to all services | O3: Data flows were reviewed to verify that only strictly necessary information is stored or processed, with no profiling or unnecessary metadata. This meets RGESN expectations for responsible, minimized data collection.
H4: The service Smart Library collects only essential data (room occupancy signals and basic usage metrics). No personal data or tracking metadata are collected, ensuring minimal resource use and alignment with responsible data practices.
B5: 1.7 | C5: Does the digital service use an encryption level tailored to its needs? | D5: Moderate | E5: To evaluate | F5: 15/11/2025 | H5: Medium | L5: =IFS(D5="Top priority",IFS(E5="Validated",1.5,E5="Ongoing",0,E5="Not validated",0,E5="Not applicable",0,E5="To evaluate",0),D5="Recommanded",IFS(E5="Validated",1.25,E5="Ongoing",0,E5="Not validated",0,E5="Not applicable",0,E5="To evaluate",0),D5="Moderate",IFS(E5="Validated",1,E5="Ongoing",0,E5="Not validated",0,E5="Not applicable",0,E5="To evaluate",0)) -> 0 | M5: =IFS(D5="Top priority",IFS(E5="Validated",1.5,E5="Ongoing",1.5,E5="Not validated",1.5,E5="Not applicable",0,E5="To evaluate",1.5),D5="Recommanded",IFS(E5="Validated",1.25,E5="Ongoing",1.25,E5="Not validated",1.25,E5="Not applicable",0,E5="To evaluate",1.25),D5="Moderate",IFS(E5="Validated",1,E5="Ongoing",1,E5="Not validated",1,E5="Not applicable",0,E5="To evaluate",1)) -> 1 | N5: N/A if the service does not use an encryption mechanism | O5: If the service relies on encryption mechanisms, document the reasons for choosing to implement them in terms of the service’s IT security risks and the minimisation of the associated environmental footprint, in the service’s Ecodesign declaration of conformity.
H6: Cryptographic mechanisms have been put in place to ensure the security of the service's data. The choice was oriented towards [to be completed] technologies following an analysis of IT security risks for the service and of the associated environmental footprint, the public outlines of which are as follows: [to be detailed].
B7: 1.8 | C7: Has the digital service taken steps to embrace open source? | D7: Recommanded | E7: Validated | F7: 15/11/2025 | G7: Document which components could be migrated to open-source alternatives in future versions. | H7: High | L7: =IFS(D7="Top priority",IFS(E7="Validated",1.5,E7="Ongoing",0,E7="Not validated",0,E7="Not applicable",0,E7="To evaluate",0),D7="Recommanded",IFS(E7="Validated",1.25,E7="Ongoing",0,E7="Not validated",0,E7="Not applicable",0,E7="To evaluate",0),D7="Moderate",IFS(E7="Validated",1,E7="Ongoing",0,E7="Not validated",0,E7="Not applicable",0,E7="To evaluate",0)) -> 1.25 | M7: =IFS(D7="Top priority",IFS(E7="Validated",1.5,E7="Ongoing",1.5,E7="Not validated",1.5,E7="Not applicable",0,E7="To evaluate",1.5),D7="Recommanded",IFS(E7="Validated",1.25,E7="Ongoing",1.25,E7="Not validated",1.25,E7="Not applicable",0,E7="To evaluate",1.25),D7="Moderate",IFS(E7="Validated",1,E7="Ongoing",1,E7="Not validated",1,E7="Not applicable",0,E7="To evaluate",1)) -> 1.25 | N7: Applicable to all services | O7: The use of open-source tools is visible in the project’s technical documentation, meeting RGESN expectations for transparency and openness.
H8: The service Smart Library uses open-source technologies (e.g., frontend frameworks, backend libraries, and standard APIs). These choices reduce vendor lock-in and support long-term maintainability.
B9: 1.9 | C9: Has the digital service been designed using standard, interoperable technologies rather than dedicated, closed-source technologies? | D9: Top priority | E9: Validated | F9: 15/11/2025 | G9: Maintain interoperability by periodically reviewing dependencies for compatibility with industry standards. | H9: Medium | L9: =IFS(D9="Top priority",IFS(E9="Validated",1.5,E9="Ongoing",0,E9="Not validated",0,E9="Not applicable",0,E9="To evaluate",0),D9="Recommanded",IFS(E9="Validated",1.25,E9="Ongoing",0,E9="Not validated",0,E9="Not applicable",0,E9="To evaluate",0),D9="Moderate",IFS(E9="Validated",1,E9="Ongoing",0,E9="Not validated",0,E9="Not applicable",0,E9="To evaluate",0)) -> 1.5 | M9: =IFS(D9="Top priority",IFS(E9="Validated",1.5,E9="Ongoing",1.5,E9="Not validated",1.5,E9="Not applicable",0,E9="To evaluate",1.5),D9="Recommanded",IFS(E9="Validated",1.25,E9="Ongoing",1.25,E9="Not validated",1.25,E9="Not applicable",0,E9="To evaluate",1.25),D9="Moderate",IFS(E9="Validated",1,E9="Ongoing",1,E9="Not validated",1,E9="Not applicable",0,E9="To evaluate",1)) -> 1.5 | N9: Applicable to all services | O9: A review of the technical stack confirms that only open standards and widely supported protocols are used, aligning with RGESN requirements for interoperability.
H10: The service Smart Library is built using standard web technologies (HTML, CSS, JavaScript, REST APIs). No proprietary protocols are required, ensuring interoperability across devices and platforms.
B11: 1.10 | C11: Does the digital service use documented and open APIs to interact with the hardware? | D11: Recommanded | E11: Validated | F11: 15/11/2025 | G11: Continue using simple, documented browser APIs and avoid adding hardware-dependent features. | H11: High | L11: =IFS(D11="Top priority",IFS(E11="Validated",1.5,E11="Ongoing",0,E11="Not validated",0,E11="Not applicable",0,E11="To evaluate",0),D11="Recommanded",IFS(E11="Validated",1.25,E11="Ongoing",0,E11="Not validated",0,E11="Not applicable",0,E11="To evaluate",0),D11="Moderate",IFS(E11="Validated",1,E11="Ongoing",0,E11="Not validated",0,E11="Not applicable",0,E11="To evaluate",0)) -> 1.25 | M11: =IFS(D11="Top priority",IFS(E11="Validated",1.5,E11="Ongoing",1.5,E11="Not validated",1.5,E11="Not applicable",0,E11="To evaluate",1.5),D11="Recommanded",IFS(E11="Validated",1.25,E11="Ongoing",1.25,E11="Not validated",1.25,E11="Not applicable",0,E11="To evaluate",1.25),D11="Moderate",IFS(E11="Validated",1,E11="Ongoing",1,E11="Not validated",1,E11="Not applicable",0,E11="To evaluate",1)) -> 1.25 | N11: Applicable to all services | O11: Verification of the codebase shows that only documented browser and web APIs are used. No proprietary or device-specific interfaces are required, satisfying RGESN expectations.
H12: The service Smart Library does not rely on proprietary hardware APIs. Any interactions (e.g., display rendering, browser APIs) use standard and documented web interfaces, ensuring compatibility and transparency.

Sheet 2 Specifications (1)
A1: The content of these columns is used to generate the PDF to be published (use the PDF export function in this software). | H1: Columns for internal use (not published in the generated PDF) Complete these boxes if this will help you to progress. | L1: Columns to help assess the criterion (not published in the generated PDF) and example of an ecodesign declaration
A2: ID | C2: Name of the criteria | D2: Level of priority | E2: Evaluation | F2: Date of Evaluation | G2: Potential developments | H2: Level of difficulty | I2: Actions to be taken | J2: Who does ? | K2: For when ? | L2: Score By ID | M2: Denominator | N2: Target | O2: Summary of the means of testing or checking (consult the RGESN for the full version)
A3: 2 – Specifications (1/2) | B3: 2.1 | C3: Has the digital service drawn up a list of the hardware profiles that users will be able to employ to access it? | D3: Top priority | E3: Validated | F3: 15/11/2025 | G3: Refine the hardware list with more precise performance thresholds as the service evolves. | H3: Medium | L3: =IFS(D3="Top priority",IFS(E3="Validated",1.5,E3="Ongoing",0,E3="Not validated",0,E3="Not applicable",0,E3="To evaluate",0),D3="Recommanded",IFS(E3="Validated",1.25,E3="Ongoing",0,E3="Not validated",0,E3="Not applicable",0,E3="To evaluate",0),D3="Moderate",IFS(E3="Validated",1,E3="Ongoing",0,E3="Not validated",0,E3="Not applicable",0,E3="To evaluate",0)) -> 1.5 | M3: =IFS(D3="Top priority",IFS(E3="Validated",1.5,E3="Ongoing",1.5,E3="Not validated",1.5,E3="Not applicable",0,E3="To evaluate",1.5),D3="Recommanded",IFS(E3="Validated",1.25,E3="Ongoing",1.25,E3="Not validated",1.25,E3="Not applicable",0,E3="To evaluate",1.25),D3="Moderate",IFS(E3="Validated",1,E3="Ongoing",1,E3="Not validated",1,E3="Not applicable",0,E3="To evaluate",1)) -> 1.5 | N3: Applicable to all services | O3: The service was tested on typical student devices and a low-power display to confirm compatibility. The defined hardware profiles are listed and meet RGESN expectations for documenting supported device categories.
H4: The service Smart Library has defined the hardware profiles required to access it, including entry-level laptops, tablets, smartphones, and a low-power display for the dashboard. The service runs on common devices without requiring high-performance hardware
B5: 2.2 | C5: Can the digital service be used on older model devices? | D5: Top priority | E5: Validated | F5: 15/11/2025 | G5: Test performance on older laptops/tablets every semester to ensure continued compatibility. | H5: Medium | L5: =IFS(D5="Top priority",IFS(E5="Validated",1.5,E5="Ongoing",0,E5="Not validated",0,E5="Not applicable",0,E5="To evaluate",0),D5="Recommanded",IFS(E5="Validated",1.25,E5="Ongoing",0,E5="Not validated",0,E5="Not applicable",0,E5="To evaluate",0),D5="Moderate",IFS(E5="Validated",1,E5="Ongoing",0,E5="Not validated",0,E5="Not applicable",0,E5="To evaluate",0)) -> 1.5 | M5: =IFS(D5="Top priority",IFS(E5="Validated",1.5,E5="Ongoing",1.5,E5="Not validated",1.5,E5="Not applicable",0,E5="To evaluate",1.5),D5="Recommanded",IFS(E5="Validated",1.25,E5="Ongoing",1.25,E5="Not validated",1.25,E5="Not applicable",0,E5="To evaluate",1.25),D5="Moderate",IFS(E5="Validated",1,E5="Ongoing",1,E5="Not validated",1,E5="Not applicable",0,E5="To evaluate",1)) -> 1.5 | N5: Applicable to all services | O5: Tested on low-performance devices to confirm functionality of core features, satisfying the RGESN requirement to support older hardware.
H6: The service Smart Library runs smoothly on older laptops and standard student devices, as it relies on lightweight web technologies and simple UI elements.
B7: 2.3 | C7: Can the digital service be used with a low-speed connection or offline? | D7: Recommanded | E7: Validated | F7: 15/11/2025 | G7: Introduce a minimal “text-only” fallback view for extremely weak connections. | H7: Medium | L7: =IFS(D7="Top priority",IFS(E7="Validated",1.5,E7="Ongoing",0,E7="Not validated",0,E7="Not applicable",0,E7="To evaluate",0),D7="Recommanded",IFS(E7="Validated",1.25,E7="Ongoing",0,E7="Not validated",0,E7="Not applicable",0,E7="To evaluate",0),D7="Moderate",IFS(E7="Validated",1,E7="Ongoing",0,E7="Not validated",0,E7="Not applicable",0,E7="To evaluate",0)) -> 1.25 | M7: =IFS(D7="Top priority",IFS(E7="Validated",1.5,E7="Ongoing",1.5,E7="Not validated",1.5,E7="Not applicable",0,E7="To evaluate",1.5),D7="Recommanded",IFS(E7="Validated",1.25,E7="Ongoing",1.25,E7="Not validated",1.25,E7="Not applicable",0,E7="To evaluate",1.25),D7="Moderate",IFS(E7="Validated",1,E7="Ongoing",1,E7="Not validated",1,E7="Not applicable",0,E7="To evaluate",1)) -> 1.25 | N7: Applicable to all services | O7: Basic features were tested on slow connections to ensure acceptable loading times, meeting RGESN low-bandwidth expectations.
H8: The service Smart Library remains functional with low-speed connections because it loads minimal data and displays simple occupancy information.
B9: 2.4 | C9: Can the digital service be used with older versions of the operating system and web browsers? | D9: Top priority | E9: Validated | F9: 15/11/2025 | G9: Maintain browser compatibility testing as new updates are released. | H9: Medium | L9: =IFS(D9="Top priority",IFS(E9="Validated",1.5,E9="Ongoing",0,E9="Not validated",0,E9="Not applicable",0,E9="To evaluate",0),D9="Recommanded",IFS(E9="Validated",1.25,E9="Ongoing",0,E9="Not validated",0,E9="Not applicable",0,E9="To evaluate",0),D9="Moderate",IFS(E9="Validated",1,E9="Ongoing",0,E9="Not validated",0,E9="Not applicable",0,E9="To evaluate",0)) -> 1.5 | M9: =IFS(D9="Top priority",IFS(E9="Validated",1.5,E9="Ongoing",1.5,E9="Not validated",1.5,E9="Not applicable",0,E9="To evaluate",1.5),D9="Recommanded",IFS(E9="Validated",1.25,E9="Ongoing",1.25,E9="Not validated",1.25,E9="Not applicable",0,E9="To evaluate",1.25),D9="Moderate",IFS(E9="Validated",1,E9="Ongoing",1,E9="Not validated",1,E9="Not applicable",0,E9="To evaluate",1)) -> 1.5 | N9: Applicable to all services | O9: Compatibility verified using older browser versions and common university devices.
H10: The service Smart Library uses standard browser features and avoids modern, unsupported APIs, ensuring compatibility with older OS and browser versions.
B11: 2.5 | C11: Does the digital service adapt to different types of display devices? | D11: Top priority | E11: Validated | F11: 15/11/2025 | G11: Improve responsive layout for very small screens. | H11: Medium | L11: =IFS(D11="Top priority",IFS(E11="Validated",1.5,E11="Ongoing",0,E11="Not validated",0,E11="Not applicable",0,E11="To evaluate",0),D11="Recommanded",IFS(E11="Validated",1.25,E11="Ongoing",0,E11="Not validated",0,E11="Not applicable",0,E11="To evaluate",0),D11="Moderate",IFS(E11="Validated",1,E11="Ongoing",0,E11="Not validated",0,E11="Not applicable",0,E11="To evaluate",0)) -> 1.5 | M11: =IFS(D11="Top priority",IFS(E11="Validated",1.5,E11="Ongoing",1.5,E11="Not validated",1.5,E11="Not applicable",0,E11="To evaluate",1.5),D11="Recommanded",IFS(E11="Validated",1.25,E11="Ongoing",1.25,E11="Not validated",1.25,E11="Not applicable",0,E11="To evaluate",1.25),D11="Moderate",IFS(E11="Validated",1,E11="Ongoing",1,E11="Not validated",1,E11="Not applicable",0,E11="To evaluate",1)) -> 1.5 | N11: Applicable to all services | O11: Checked UI layout on multiple screen sizes to confirm consistent readability and usability.
H12: The service Smart Library adapts to various displays, including wall screens, laptops, tablets, and smartphones, through responsive web design.

Sheet 2 Specifications (2)
A1: The content of these columns is used to generate the PDF to be published (use the PDF export function in this software). | H1: Columns for internal use (not published in the generated PDF) Complete these boxes if this will help you to progress. | L1: Columns to help assess the criterion (not published in the generated PDF) and example of an ecodesign declaration
A2: ID | C2: Name of the criteria | D2: Level of priority | E2: Evaluation | F2: Date of Evaluation | G2: Potential developments | H2: Level of difficulty | I2: Actions to be taken | J2: Who does ? | K2: For when ? | L2: Score By ID | M2: Denominator | N2: Target | O2: Summary of the means of testing or checking (consult the RGESN for the full version)
A3: 2 – Specifications (2/2) | B3: 2.6 | C3: Has the digital service planned for a design review and a code review whose goals include reducing each feature’s environmental impacts? | D3: Recommanded | E3: Validated | F3: 15/11/2025 | G3: Add lightweight performance checks to the design review process. | H3: Medium | L3: =IFS(D3="Top priority",IFS(E3="Validated",1.5,E3="Ongoing",0,E3="Not validated",0,E3="Not applicable",0,E3="To evaluate",0),D3="Recommanded",IFS(E3="Validated",1.25,E3="Ongoing",0,E3="Not validated",0,E3="Not applicable",0,E3="To evaluate",0),D3="Moderate",IFS(E3="Validated",1,E3="Ongoing",0,E3="Not validated",0,E3="Not applicable",0,E3="To evaluate",0)) -> 1.25 | M3: =IFS(D3="Top priority",IFS(E3="Validated",1.5,E3="Ongoing",1.5,E3="Not validated",1.5,E3="Not applicable",0,E3="To evaluate",1.5),D3="Recommanded",IFS(E3="Validated",1.25,E3="Ongoing",1.25,E3="Not validated",1.25,E3="Not applicable",0,E3="To evaluate",1.25),D3="Moderate",IFS(E3="Validated",1,E3="Ongoing",1,E3="Not validated",1,E3="Not applicable",0,E3="To evaluate",1)) -> 1.25 | N3: Applicable to all services | O3: Verification that essential features are minimal and efficient aligns with RGESN expectations for design/code review.
H4: The service Smart Library underwent informal design and code reviews prioritizing simplicity and low resource use for its core features.
B5: 2.7 | C5: Has the digital service planned for a maintenance and decommissioning strategy? | D5: Top priority | E5: Validated | F5: 15/11/2025 | G5: Document a simple long-term data retention policy. | H5: Medium | L5: =IFS(D5="Top priority",IFS(E5="Validated",1.5,E5="Ongoing",0,E5="Not validated",0,E5="Not applicable",0,E5="To evaluate",0),D5="Recommanded",IFS(E5="Validated",1.25,E5="Ongoing",0,E5="Not validated",0,E5="Not applicable",0,E5="To evaluate",0),D5="Moderate",IFS(E5="Validated",1,E5="Ongoing",0,E5="Not validated",0,E5="Not applicable",0,E5="To evaluate",0)) -> 1.5 | M5: =IFS(D5="Top priority",IFS(E5="Validated",1.5,E5="Ongoing",1.5,E5="Not validated",1.5,E5="Not applicable",0,E5="To evaluate",1.5),D5="Recommanded",IFS(E5="Validated",1.25,E5="Ongoing",1.25,E5="Not validated",1.25,E5="Not applicable",0,E5="To evaluate",1.25),D5="Moderate",IFS(E5="Validated",1,E5="Ongoing",1,E5="Not validated",1,E5="Not applicable",0,E5="To evaluate",1)) -> 1.5 | N5: Applicable to all services | O5: The maintenance approach and the ease of removing or updating components satisfy RGESN criteria for long-term planning.
H6: The service Smart Library has a basic maintenance strategy relying on standard web technologies, making updates and future decommissioning simple and low impact.
B7: 2.8 | C7: Does the digital service require its suppliers to guarantee a strategy to reduce their environmental impacts? | D7: Top priority | E7: Validated | F7: 15/11/2025 | G7: Reference the sustainability commitments of any third-party tools used. | H7: High | L7: =IFS(D7="Top priority",IFS(E7="Validated",1.5,E7="Ongoing",0,E7="Not validated",0,E7="Not applicable",0,E7="To evaluate",0),D7="Recommanded",IFS(E7="Validated",1.25,E7="Ongoing",0,E7="Not validated",0,E7="Not applicable",0,E7="To evaluate",0),D7="Moderate",IFS(E7="Validated",1,E7="Ongoing",0,E7="Not validated",0,E7="Not applicable",0,E7="To evaluate",0)) -> 1.5 | M7: =IFS(D7="Top priority",IFS(E7="Validated",1.5,E7="Ongoing",1.5,E7="Not validated",1.5,E7="Not applicable",0,E7="To evaluate",1.5),D7="Recommanded",IFS(E7="Validated",1.25,E7="Ongoing",1.25,E7="Not validated",1.25,E7="Not applicable",0,E7="To evaluate",1.25),D7="Moderate",IFS(E7="Validated",1,E7="Ongoing",1,E7="Not validated",1,E7="Not applicable",0,E7="To evaluate",1)) -> 1.5 | N7: Applicable to all services | O7: Supplier documentation was checked to confirm sustainability practices, matching RGESN expectations.
H8: The service Smart Library relies on university-managed infrastructure and widely used open-source tools whose maintainers publish sustainability and resource-efficiency commitments.
B9: 2.9 | C9: Has the digital service considered the environmental impacts of the off-the-shelf interface components used? | D9: Moderate | E9: Validated | F9: 15/11/2025 | G9: Keep UI libraries minimal and regularly remove unused components. | H9: High | L9: =IFS(D9="Top priority",IFS(E9="Validated",1.5,E9="Ongoing",0,E9="Not validated",0,E9="Not applicable",0,E9="To evaluate",0),D9="Recommanded",IFS(E9="Validated",1.25,E9="Ongoing",0,E9="Not validated",0,E9="Not applicable",0,E9="To evaluate",0),D9="Moderate",IFS(E9="Validated",1,E9="Ongoing",0,E9="Not validated",0,E9="Not applicable",0,E9="To evaluate",0)) -> 1 | M9: =IFS(D9="Top priority",IFS(E9="Validated",1.5,E9="Ongoing",1.5,E9="Not validated",1.5,E9="Not applicable",0,E9="To evaluate",1.5),D9="Recommanded",IFS(E9="Validated",1.25,E9="Ongoing",1.25,E9="Not validated",1.25,E9="Not applicable",0,E9="To evaluate",1.25),D9="Moderate",IFS(E9="Validated",1,E9="Ongoing",1,E9="Not validated",1,E9="Not applicable",0,E9="To evaluate",1)) -> 1 | N9: Applicable to all services | O9: Code inspection confirmed that minimal UI components are used, in line with RGESN recommendations.
H10: The service Smart Library uses lightweight interface components and avoids heavy UI libraries, reducing client-side resource use.
B11: 2.10 | C11: Has the digital service considered the environmental impacts of third-party services used when selecting them? | D11: Top priority | E11: Validated | F11: 15/11/2025 | G11: Periodically re-evaluate whether any external services can be replaced with lighter alternatives. | H11: High | L11: =IFS(D11="Top priority",IFS(E11="Validated",1.5,E11="Ongoing",0,E11="Not validated",0,E11="Not applicable",0,E11="To evaluate",0),D11="Recommanded",IFS(E11="Validated",1.25,E11="Ongoing",0,E11="Not validated",0,E11="Not applicable",0,E11="To evaluate",0),D11="Moderate",IFS(E11="Validated",1,E11="Ongoing",0,E11="Not validated",0,E11="Not applicable",0,E11="To evaluate",0)) -> 1.5 | M11: =IFS(D11="Top priority",IFS(E11="Validated",1.5,E11="Ongoing",1.5,E11="Not validated",1.5,E11="Not applicable",0,E11="To evaluate",1.5),D11="Recommanded",IFS(E11="Validated",1.25,E11="Ongoing",1.25,E11="Not validated",1.25,E11="Not applicable",0,E11="To evaluate",1.25),D11="Moderate",IFS(E11="Validated",1,E11="Ongoing",1,E11="Not validated",1,E11="Not applicable",0,E11="To evaluate",1)) -> 1.5 | N11: Applicable to all services | O11: Third-party services were reviewed to ensure they do not introduce unnecessary processing, aligning with RGESN selection guidelines.
H12: The service Smart Library relies on minimal external services, and chosen third-party tools were selected for reliability and low overhead.

Sheet 3 Architecture
A1: The content of these columns is used to generate the PDF to be published (use the PDF export function in this software). | H1: Columns for internal use (not published in the generated PDF) Complete these boxes if this will help you to progress. | L1: Columns to help assess the criterion (not published in the generated PDF) and example of an ecodesign declaration
A2: ID | C2: Name of the criteria | D2: Level of priority | E2: Evaluation | F2: Date of Evaluation | G2: Potential developments | H2: Level of difficulty | I2: Actions to be taken | J2: Who does ? | K2: For when ? | L2: Score By ID | M2: Denominator | N2: Target | O2: Summary of the means of testing or checking (consult the RGESN for the full version)
A3: 3 – Architecture | B3: 3.1 | C3: Is the digital service based on an architecture, resources and components designed to reduce their own environmental impacts? | D3: Top priority | E3: Validated | F3: 15/11/2025 | G3: Further simplify data flows to avoid any unnecessary requests. | H3: High | L3: 1.5 | M3: 1.5 | N3: Applicable to all services | O3: The architecture was reviewed to confirm that only essential components are deployed and that no heavy or unnecessary services are used.
H4: The service Smart Library uses a lightweight web architecture, with minimal backend logic and small data exchanges (only room occupancy and basic metadata), reducing computing and network usage.
B5: 3.2 | C5: Does the digital service run on an architecture that can tailor resource use to the service’s consumption? | D5: Recommanded | E5: Ongoing | F5: 15/11/2025 | G5: Introduce simple monitoring to better observe resource consumption as usage grows. | H5: High | I5: Set up simple logging or metrics to monitor request volume and resource usage. | J5: Developer or system administrator. | K5: Next technical iteration. | L5: 0 | M5: 1.25 | N5: Applicable to all services | O5: Basic analysis of request patterns shows that computation and data transfers happen mainly when users consult the dashboard.
H6: Smart Library processes only user-triggered requests (e.g. viewing room occupancy), so resource use already follows real usage, but monitoring could be improved.
B7: 3.3 | C7: Can the digital service support protocols’ ongoing technical development? | D7: Moderate | E7: To evaluate | F7: 15/11/2025 | H7: Medium | L7: =IFS(D7="Top priority",IFS(E7="Validated",1.5,E7="Ongoing",0,E7="Not validated",0,E7="Not applicable",0,E7="To evaluate",0),D7="Recommanded",IFS(E7="Validated",1.25,E7="Ongoing",0,E7="Not validated",0,E7="Not applicable",0,E7="To evaluate",0),D7="Moderate",IFS(E7="Validated",1,E7="Ongoing",0,E7="Not validated",0,E7="Not applicable",0,E7="To evaluate",0)) -> 0 | M7: =IFS(D7="Top priority",IFS(E7="Validated",1.5,E7="Ongoing",1.5,E7="Not validated",1.5,E7="Not applicable",0,E7="To evaluate",1.5),D7="Recommanded",IFS(E7="Validated",1.25,E7="Ongoing",1.25,E7="Not validated",1.25,E7="Not applicable",0,E7="To evaluate",1.25),D7="Moderate",IFS(E7="Validated",1,E7="Ongoing",1,E7="Not validated",1,E7="Not applicable",0,E7="To evaluate",1)) -> 1 | N7: N/A if the digital service does not use an internet connection | O7: Check that the digital service’s various components are working properly: • in IPv6 and do not use any IPv4-only service, and that the service uses DNS names and not hard coded IP addresses; • in HTTPS and not HTTP; • verify that the latest version of TLS (at the time of writing this policy framework: TLS v1.3) is properly supported. • Assess the adequacy of the protocol used in relation to the content being transferred, taking into account its environmental footprint. The criterion is validated if the choice of protocol used by the service aligns with the type of content and features targeted, while minimising its environmental cost, and is documented, if possible, in the Ecodesign declaration of conformity
H8: In order to prevent the risk of obsolescence and limit the need for updates/upgrades, the digital service is based on robust protocols that are adapted to its features. In particular: # examples # • The digital service is available in IPV6 (and IPV4) • The digital service is based on the HTTPS protocol • The version of TLS used must support the most recent version, i.e. [to be completed - at the time of writing, it is: TLS v1.3] [etc]
B9: 3.4 | C9: Does the digital service guarantee the supply of patch updates throughout the entire expected lifespan of the devices and software tied to the service? | D9: Top priority | E9: Validated | F9: 15/11/2025 | G9: Maintain a short change log describing applied patches. | H9: Medium | L9: 1.5 | M9: 1.5 | N9: Applicable to all services | O9: The update process was examined and confirms that fixes can be deployed centrally, independently of user hardware lifespan.
H10: As a web-based service, Smart Library can receive security and maintenance patches directly on the server without requiring users to update their devices or install new versions.
B11: 3.5 | C11: Does the digital service provide the ability to install patch updates independently of features updates, in a transparent fashion? | D11: Moderate | E11: To evaluate | F11: 15/11/2025 | H11: Medium | L11: =IFS(D11="Top priority",IFS(E11="Validated",1.5,E11="Ongoing",0,E11="Not validated",0,E11="Not applicable",0,E11="To evaluate",0),D11="Recommanded",IFS(E11="Validated",1.25,E11="Ongoing",0,E11="Not validated",0,E11="Not applicable",0,E11="To evaluate",0),D11="Moderate",IFS(E11="Validated",1,E11="Ongoing",0,E11="Not validated",0,E11="Not applicable",0,E11="To evaluate",0)) -> 0 | M11: =IFS(D11="Top priority",IFS(E11="Validated",1.5,E11="Ongoing",1.5,E11="Not validated",1.5,E11="Not applicable",0,E11="To evaluate",1.5),D11="Recommanded",IFS(E11="Validated",1.25,E11="Ongoing",1.25,E11="Not validated",1.25,E11="Not applicable",0,E11="To evaluate",1.25),D11="Moderate",IFS(E11="Validated",1,E11="Ongoing",1,E11="Not validated",1,E11="Not applicable",0,E11="To evaluate",1)) -> 1 | N11: N/A if the digital service does not provide (nonessential) features updates | O11: To validate this criterion: • Indicate in an application's update description (changelog) when it is a security or maintenance update ("hotfixes") or if it is a rolling update that adds functionality. • Ensure that features updates that are not critical to service compliance do not prevent the service from operating for any maintenance period for supported operating systems. • Whenever possible, ensure that updates that are essential to the digital service or user device’s compliance and security can be installed separately from features updates that are not necessary for the product’s compliance. • If possible, check for the presence of a release management strategy with “Long term support” releases.
B13: 3.6 | C13: Does the digital service offer incremental updates, to avoid replacing the entire code with each update? | D13: Moderate | E13: To evaluate | F13: 15/11/2025 | H13: Medium | L13: =IFS(D13="Top priority",IFS(E13="Validated",1.5,E13="Ongoing",0,E13="Not validated",0,E13="Not applicable",0,E13="To evaluate",0),D13="Recommanded",IFS(E13="Validated",1.25,E13="Ongoing",0,E13="Not validated",0,E13="Not applicable",0,E13="To evaluate",0),D13="Moderate",IFS(E13="Validated",1,E13="Ongoing",0,E13="Not validated",0,E13="Not applicable",0,E13="To evaluate",0)) -> 0 | M13: =IFS(D13="Top priority",IFS(E13="Validated",1.5,E13="Ongoing",1.5,E13="Not validated",1.5,E13="Not applicable",0,E13="To evaluate",1.5),D13="Recommanded",IFS(E13="Validated",1.25,E13="Ongoing",1.25,E13="Not validated",1.25,E13="Not applicable",0,E13="To evaluate",1.25),D13="Moderate",IFS(E13="Validated",1,E13="Ongoing",1,E13="Not validated",1,E13="Not applicable",0,E13="To evaluate",1)) -> 1 | N13: N/A if the digital service does not provide updates | O13: Whenever possible, use an update mechanism that does not require replacing the program’s entire code with each update. If necessary, a full update of the program code can be provided for "reset" or "self-healing" features. The criterion is validated if incremental updates are favoured for the digital service, aside from "reset" and "self-healing" features.
B15: 3.7 | C15: Does the digital service optimise the use of development, preproduction and test environments according to its needs? | D15: Moderate | E15: To evaluate | F15: 15/11/2025 | H15: Medium | L15: =IFS(D15="Top priority",IFS(E15="Validated",1.5,E15="Ongoing",0,E15="Not validated",0,E15="Not applicable",0,E15="To evaluate",0),D15="Recommanded",IFS(E15="Validated",1.25,E15="Ongoing",0,E15="Not validated",0,E15="Not applicable",0,E15="To evaluate",0),D15="Moderate",IFS(E15="Validated",1,E15="Ongoing",0,E15="Not validated",0,E15="Not applicable",0,E15="To evaluate",0)) -> 0 | M15: =IFS(D15="Top priority",IFS(E15="Validated",1.5,E15="Ongoing",1.5,E15="Not validated",1.5,E15="Not applicable",0,E15="To evaluate",1.5),D15="Recommanded",IFS(E15="Validated",1.25,E15="Ongoing",1.25,E15="Not validated",1.25,E15="Not applicable",0,E15="To evaluate",1.25),D15="Moderate",IFS(E15="Validated",1,E15="Ongoing",1,E15="Not validated",1,E15="Not applicable",0,E15="To evaluate",1)) -> 1 | N15: N/A if the digital service does not use a server | O15: The criterion is validated if the service relies on multi-tenant development/pre-production/test environments, or if these environments are disabled during time slots when they are not used. Indicate the choices made to limit the resources used by the development, pre-production or test environments in the digital service’s Ecodesign declaration of conformity.
H16: Development, pre-production or test environments are disabled at night, during the periods when they are not in use / the digital service rely on multi-tenant development, pre-production or test environments. [to be detailed]

Sheet 4 UX UI (1)
A1: The content of these columns is used to generate the PDF to be published (use the PDF export function in this software). | H1: Columns for internal use (not published in the generated PDF) Complete these boxes if this will help you to progress. | L1: Columns to help assess the criterion (not published in the generated PDF) and example of an ecodesign declaration
A2: ID | C2: Name of the criteria | D2: Level of priority | E2: Evaluation | F2: Date of Evaluation | G2: Potential developments | H2: Level of difficulty | I2: Actions to be taken | J2: Who does ? | K2: For when ? | L2: Score By ID | M2: Denominator | N2: Target | O2: Summary of the means of testing or checking (consult the RGESN for the full version)
A3: 4 – User Experience and Interface (1/2) | B3: 4.1 | C3: Does the digital service only have animations, videos and sounds whose automatic playback is disabled? | D3: Top priority | E3: Validated | F3: 15/11/2025 | G3: Ensure no future UI elements autoplay media. | H3: Low | L3: =IFS(D3="Top priority",IFS(E3="Validated",1.5,E3="Ongoing",0,E3="Not validated",0,E3="Not applicable",0,E3="To evaluate",0),D3="Recommanded",IFS(E3="Validated",1.25,E3="Ongoing",0,E3="Not validated",0,E3="Not applicable",0,E3="To evaluate",0),D3="Moderate",IFS(E3="Validated",1,E3="Ongoing",0,E3="Not validated",0,E3="Not applicable",0,E3="To evaluate",0)) -> 1.5 | M3: =IFS(D3="Top priority",IFS(E3="Validated",1.5,E3="Ongoing",1.5,E3="Not validated",1.5,E3="Not applicable",0,E3="To evaluate",1.5),D3="Recommanded",IFS(E3="Validated",1.25,E3="Ongoing",1.25,E3="Not validated",1.25,E3="Not applicable",0,E3="To evaluate",1.25),D3="Moderate",IFS(E3="Validated",1,E3="Ongoing",1,E3="Not validated",1,E3="Not applicable",0,E3="To evaluate",1)) -> 1.5 | N3: Applicable to all services | O3: UI review confirms no autoplay elements.
H4: Smart Library includes no videos, sounds, or animations that autoplay.
B5: 4.2 | C5: Does the digital service only display content without infinite scroll? | D5: Top priority | E5: Validated | F5: 15/11/2025 | G5: Avoid adding long lists that require dynamic scrolling. | H5: Medium | L5: =IFS(D5="Top priority",IFS(E5="Validated",1.5,E5="Ongoing",0,E5="Not validated",0,E5="Not applicable",0,E5="To evaluate",0),D5="Recommanded",IFS(E5="Validated",1.25,E5="Ongoing",0,E5="Not validated",0,E5="Not applicable",0,E5="To evaluate",0),D5="Moderate",IFS(E5="Validated",1,E5="Ongoing",0,E5="Not validated",0,E5="Not applicable",0,E5="To evaluate",0)) -> 1.5 | M5: =IFS(D5="Top priority",IFS(E5="Validated",1.5,E5="Ongoing",1.5,E5="Not validated",1.5,E5="Not applicable",0,E5="To evaluate",1.5),D5="Recommanded",IFS(E5="Validated",1.25,E5="Ongoing",1.25,E5="Not validated",1.25,E5="Not applicable",0,E5="To evaluate",1.25),D5="Moderate",IFS(E5="Validated",1,E5="Ongoing",1,E5="Not validated",1,E5="Not applicable",0,E5="To evaluate",1)) -> 1.5 | N5: Applicable to all services | O5: Screens were checked to confirm the absence of infinite scrolling.
H6: The dashboard shows static information without scrolling lists.
B7: 4.3 | C7: Does the digital service optimise the clickstream for each main feature? | D7: Recommanded | E7: Ongoing | F7: 15/11/2025 | G7: Simplify navigation to reduce the number of steps to access each room. | H7: Medium | I7: Review and reduce unnecessary steps. | J7: Frontend or UX/UI developer. | K7: Next iteration. | L7: =IFS(D7="Top priority",IFS(E7="Validated",1.5,E7="Ongoing",0,E7="Not validated",0,E7="Not applicable",0,E7="To evaluate",0),D7="Recommanded",IFS(E7="Validated",1.25,E7="Ongoing",0,E7="Not validated",0,E7="Not applicable",0,E7="To evaluate",0),D7="Moderate",IFS(E7="Validated",1,E7="Ongoing",0,E7="Not validated",0,E7="Not applicable",0,E7="To evaluate",0)) -> 0 | M7: =IFS(D7="Top priority",IFS(E7="Validated",1.5,E7="Ongoing",1.5,E7="Not validated",1.5,E7="Not applicable",0,E7="To evaluate",1.5),D7="Recommanded",IFS(E7="Validated",1.25,E7="Ongoing",1.25,E7="Not validated",1.25,E7="Not applicable",0,E7="To evaluate",1.25),D7="Moderate",IFS(E7="Validated",1,E7="Ongoing",1,E7="Not validated",1,E7="Not applicable",0,E7="To evaluate",1)) -> 1.25 | N7: Applicable to all services | O7: Walkthroughs show short paths with room for improvement.
H8: The navigation is simple, but some flows can be shortened.
B9: 4.4 | C9: Does the digital service give users the ability to enable a thirdparty service? | D9: Recommanded | E9: Not validated | F9: 15/11/2025 | G9: Add toggles if optional external services appear in future versions. | H9: Low | I9: None (not in project scope). | L9: =IFS(D9="Top priority",IFS(E9="Validated",1.5,E9="Ongoing",0,E9="Not validated",0,E9="Not applicable",0,E9="To evaluate",0),D9="Recommanded",IFS(E9="Validated",1.25,E9="Ongoing",0,E9="Not validated",0,E9="Not applicable",0,E9="To evaluate",0),D9="Moderate",IFS(E9="Validated",1,E9="Ongoing",0,E9="Not validated",0,E9="Not applicable",0,E9="To evaluate",0)) -> 0 | M9: =IFS(D9="Top priority",IFS(E9="Validated",1.5,E9="Ongoing",1.5,E9="Not validated",1.5,E9="Not applicable",0,E9="To evaluate",1.5),D9="Recommanded",IFS(E9="Validated",1.25,E9="Ongoing",1.25,E9="Not validated",1.25,E9="Not applicable",0,E9="To evaluate",1.25),D9="Moderate",IFS(E9="Validated",1,E9="Ongoing",1,E9="Not validated",1,E9="Not applicable",0,E9="To evaluate",1)) -> 1.25 | N9: Applicable to all services | O9: Code review confirms no user-controlled third-party services.
H10: Smart Library integrates no optional third-party services, so users cannot enable or disable any.
B11: 4.5 | C11: Does the digital service use mainly functional components that are native to the operating system, browser or language used? | D11: Moderate | E11: To evaluate | F11: 15/11/2025 | H11: Medium | L11: =IFS(D11="Top priority",IFS(E11="Validated",1.5,E11="Ongoing",0,E11="Not validated",0,E11="Not applicable",0,E11="To evaluate",0),D11="Recommanded",IFS(E11="Validated",1.25,E11="Ongoing",0,E11="Not validated",0,E11="Not applicable",0,E11="To evaluate",0),D11="Moderate",IFS(E11="Validated",1,E11="Ongoing",0,E11="Not validated",0,E11="Not applicable",0,E11="To evaluate",0)) -> 0 | M11: =IFS(D11="Top priority",IFS(E11="Validated",1.5,E11="Ongoing",1.5,E11="Not validated",1.5,E11="Not applicable",0,E11="To evaluate",1.5),D11="Recommanded",IFS(E11="Validated",1.25,E11="Ongoing",1.25,E11="Not validated",1.25,E11="Not applicable",0,E11="To evaluate",1.25),D11="Moderate",IFS(E11="Validated",1,E11="Ongoing",1,E11="Not validated",1,E11="Not applicable",0,E11="To evaluate",1)) -> 1 | N11: Applicable to all services | O11: The criterion is validated if the service favours the use of native functional components where possible. Furthermore, in the event of the use of non-native components, assess the need to have chosen to use such components (technical constraints, for instance). If applicable, document the reasons for using them in the Ecodesign declaration of conformity. Their use should be regularly monitored by verifying the content of the resources loaded and their actual use.
H12: The digital service interface is based mainly on functional components. The use of non-native components is justified in terms of [to be completed].
B13: 4.6 | C13: Does the digital service use only video, audio and animated content that contains information? | D13: Recommanded | E13: Validated | F13: 15/11/2025 | G13: Maintain no-media or minimal-media approach. | H13: Low | L13: =IFS(D13="Top priority",IFS(E13="Validated",1.5,E13="Ongoing",0,E13="Not validated",0,E13="Not applicable",0,E13="To evaluate",0),D13="Recommanded",IFS(E13="Validated",1.25,E13="Ongoing",0,E13="Not validated",0,E13="Not applicable",0,E13="To evaluate",0),D13="Moderate",IFS(E13="Validated",1,E13="Ongoing",0,E13="Not validated",0,E13="Not applicable",0,E13="To evaluate",0)) -> 1.25 | M13: =IFS(D13="Top priority",IFS(E13="Validated",1.5,E13="Ongoing",1.5,E13="Not validated",1.5,E13="Not applicable",0,E13="To evaluate",1.5),D13="Recommanded",IFS(E13="Validated",1.25,E13="Ongoing",1.25,E13="Not validated",1.25,E13="Not applicable",0,E13="To evaluate",1.25),D13="Moderate",IFS(E13="Validated",1,E13="Ongoing",1,E13="Not validated",1,E13="Not applicable",0,E13="To evaluate",1)) -> 1.25 | N13: Applicable to all services | O13: Interface review confirmed no video, audio, or animations.
H14: The service uses only static content; no decorative media is present.
B15: 4.7 | C15: Does the digital service opt for the most sustainable choices between text, images, audio and video, according to users’ needs? | D15: Moderate | E15: To evaluate | F15: 15/11/2025 | H15: Low | L15: =IFS(D15="Top priority",IFS(E15="Validated",1.5,E15="Ongoing",0,E15="Not validated",0,E15="Not applicable",0,E15="To evaluate",0),D15="Recommanded",IFS(E15="Validated",1.25,E15="Ongoing",0,E15="Not validated",0,E15="Not applicable",0,E15="To evaluate",0),D15="Moderate",IFS(E15="Validated",1,E15="Ongoing",0,E15="Not validated",0,E15="Not applicable",0,E15="To evaluate",0)) -> 0 | M15: =IFS(D15="Top priority",IFS(E15="Validated",1.5,E15="Ongoing",1.5,E15="Not validated",1.5,E15="Not applicable",0,E15="To evaluate",1.5),D15="Recommanded",IFS(E15="Validated",1.25,E15="Ongoing",1.25,E15="Not validated",1.25,E15="Not applicable",0,E15="To evaluate",1.25),D15="Moderate",IFS(E15="Validated",1,E15="Ongoing",1,E15="Not validated",1,E15="Not applicable",0,E15="To evaluate",1)) -> 1 | N15: Applicable to all services | O15: The criterion is validated if the service does not use video, audio or animated content or if the use of video, audio or animation has been decided by opting for the most sustainable solution available, with regard to the service’s needs and essential features. The choices made must be substantiated in a public document (e.g. in the Ecodesign declaration of conformity). The substantiation will take into account target users’ needs (refer to criterion 1.2.) and the environmental impact of the chosen audiovisual content.
H16: Consistent with the user targets identified [if necessary, refer to the dedicated section of the declaration] and the differentiated environmental impact of audiovisual content, the following choices have been made with regard to the use of text, images, audio or video: [to be detailed].
B17: 4.8 | C17: Does the digital service limit the number of downloaded fonts? | D17: Moderate | E17: To evaluate | F17: 15/11/2025 | H17: Low | L17: =IFS(D17="Top priority",IFS(E17="Validated",1.5,E17="Ongoing",0,E17="Not validated",0,E17="Not applicable",0,E17="To evaluate",0),D17="Recommanded",IFS(E17="Validated",1.25,E17="Ongoing",0,E17="Not validated",0,E17="Not applicable",0,E17="To evaluate",0),D17="Moderate",IFS(E17="Validated",1,E17="Ongoing",0,E17="Not validated",0,E17="Not applicable",0,E17="To evaluate",0)) -> 0 | M17: =IFS(D17="Top priority",IFS(E17="Validated",1.5,E17="Ongoing",1.5,E17="Not validated",1.5,E17="Not applicable",0,E17="To evaluate",1.5),D17="Recommanded",IFS(E17="Validated",1.25,E17="Ongoing",1.25,E17="Not validated",1.25,E17="Not applicable",0,E17="To evaluate",1.25),D17="Moderate",IFS(E17="Validated",1,E17="Ongoing",1,E17="Not validated",1,E17="Not applicable",0,E17="To evaluate",1)) -> 1 | N17: N/A if the digital service does not use text | O17: The criterion is validated if the fonts downloaded for the service meet at least one of these conditions: • the number of fonts downloaded is limited to two (with a maximum of four variants in total) per page or "display unit" (if pagination is not used for the service); • the downloaded fonts’ file size does not exceed 400 KB per page or "display unit"

Sheet 4 UX UI (2)
A1: The content of these columns is used to generate the PDF to be published (use the PDF export function in this software). | H1: Columns for internal use (not published in the generated PDF) Complete these boxes if this will help you to progress. | L1: Columns to help assess the criterion (not published in the generated PDF) and example of an ecodesign declaration
A2: ID | C2: Name of the criteria | D2: Level of priority | E2: Evaluation | F2: Date of Evaluation | G2: Potential developments | H2: Level of difficulty | I2: Actions to be taken | J2: Who does ? | K2: For when ? | L2: Score By ID | M2: Denominator | N2: Target | O2: Summary of the means of testing or checking (consult the RGESN for the full version)
A3: 4 – User Experience and Interface (2/2) | B3: 4.9 | C3: Does the digital service limit server requests during user input? | D3: Moderate | E3: To evaluate | F3: 15/11/2025 | H3: Low | L3: =IFS(D3="Top priority",IFS(E3="Validated",1.5,E3="Ongoing",0,E3="Not validated",0,E3="Not applicable",0,E3="To evaluate",0),D3="Recommanded",IFS(E3="Validated",1.25,E3="Ongoing",0,E3="Not validated",0,E3="Not applicable",0,E3="To evaluate",0),D3="Moderate",IFS(E3="Validated",1,E3="Ongoing",0,E3="Not validated",0,E3="Not applicable",0,E3="To evaluate",0)) -> 0 | M3: =IFS(D3="Top priority",IFS(E3="Validated",1.5,E3="Ongoing",1.5,E3="Not validated",1.5,E3="Not applicable",0,E3="To evaluate",1.5),D3="Recommanded",IFS(E3="Validated",1.25,E3="Ongoing",1.25,E3="Not validated",1.25,E3="Not applicable",0,E3="To evaluate",1.25),D3="Moderate",IFS(E3="Validated",1,E3="Ongoing",1,E3="Not validated",1,E3="Not applicable",0,E3="To evaluate",1)) -> 1 | N3: N/A if the digital service has no HMI | O3: To validate the criterion, ensure the service does not offer autocomplete and, in the opposite case, ensure that autocomplete is substantiated from a user point of view, and periodically check that autocomplete waits for at least 500 ms before activating and at least three characters are entered. The user interface provides the option of disabling autocomplete.
B5: 4.10 | C5: Does the digital service inform users of the expected input format, avoiding unnecessary server requests when submitting a form? | D5: Moderate | E5: To evaluate | F5: 15/11/2025 | H5: Low | L5: =IFS(D5="Top priority",IFS(E5="Validated",1.5,E5="Ongoing",0,E5="Not validated",0,E5="Not applicable",0,E5="To evaluate",0),D5="Recommanded",IFS(E5="Validated",1.25,E5="Ongoing",0,E5="Not validated",0,E5="Not applicable",0,E5="To evaluate",0),D5="Moderate",IFS(E5="Validated",1,E5="Ongoing",0,E5="Not validated",0,E5="Not applicable",0,E5="To evaluate",0)) -> 0 | M5: =IFS(D5="Top priority",IFS(E5="Validated",1.5,E5="Ongoing",1.5,E5="Not validated",1.5,E5="Not applicable",0,E5="To evaluate",1.5),D5="Recommanded",IFS(E5="Validated",1.25,E5="Ongoing",1.25,E5="Not validated",1.25,E5="Not applicable",0,E5="To evaluate",1.25),D5="Moderate",IFS(E5="Validated",1,E5="Ongoing",1,E5="Not validated",1,E5="Not applicable",0,E5="To evaluate",1)) -> 1 | N5: N/A if the digital service does not use forms | O5: The criterion is validated if the user is informed of the expected input formats before the form is submitted. The service's mandatory data entries and formats will also need to be validated first on the client side before the form is submitted.
B7: 4.11 | C7: Does the digital service inform users pre-transfer of the expected file size and formats? | D7: Moderate | E7: To evaluate | F7: 15/11/2025 | H7: Medium | L7: =IFS(D7="Top priority",IFS(E7="Validated",1.5,E7="Ongoing",0,E7="Not validated",0,E7="Not applicable",0,E7="To evaluate",0),D7="Recommanded",IFS(E7="Validated",1.25,E7="Ongoing",0,E7="Not validated",0,E7="Not applicable",0,E7="To evaluate",0),D7="Moderate",IFS(E7="Validated",1,E7="Ongoing",0,E7="Not validated",0,E7="Not applicable",0,E7="To evaluate",0)) -> 0 | M7: =IFS(D7="Top priority",IFS(E7="Validated",1.5,E7="Ongoing",1.5,E7="Not validated",1.5,E7="Not applicable",0,E7="To evaluate",1.5),D7="Recommanded",IFS(E7="Validated",1.25,E7="Ongoing",1.25,E7="Not validated",1.25,E7="Not applicable",0,E7="To evaluate",1.25),D7="Moderate",IFS(E7="Validated",1,E7="Ongoing",1,E7="Not validated",1,E7="Not applicable",0,E7="To evaluate",1)) -> 1 | N7: N/A if the digital service is not based on client/server file transfers as part of a form | O7: The criterion is validated if: • Downloaded files: information about the service’s expected file sizes and formats is correctly displayed to the user before the transfer, at least for files larger than 10 MB. One way to test this may be to check the information displayed pre-file transfer with different file types and sizes. • Uploaded files: caps on file size and formats are implemented and clearly displayed to the digital service’s users (except in specific situations where such limitations would hinder the use of the service).
B9: 4.12 | C9: Does the digital service flag features with significant environmental impacts to users? | D9: Recommanded | E9: Not validated | F9: 15/11/2025 | G9: Add indicators only if heavier features are introduced later. | H9: Low | I9: None for now. | L9: =IFS(D9="Top priority",IFS(E9="Validated",1.5,E9="Ongoing",0,E9="Not validated",0,E9="Not applicable",0,E9="To evaluate",0),D9="Recommanded",IFS(E9="Validated",1.25,E9="Ongoing",0,E9="Not validated",0,E9="Not applicable",0,E9="To evaluate",0),D9="Moderate",IFS(E9="Validated",1,E9="Ongoing",0,E9="Not validated",0,E9="Not applicable",0,E9="To evaluate",0)) -> 0 | M9: =IFS(D9="Top priority",IFS(E9="Validated",1.5,E9="Ongoing",1.5,E9="Not validated",1.5,E9="Not applicable",0,E9="To evaluate",1.5),D9="Recommanded",IFS(E9="Validated",1.25,E9="Ongoing",1.25,E9="Not validated",1.25,E9="Not applicable",0,E9="To evaluate",1.25),D9="Moderate",IFS(E9="Validated",1,E9="Ongoing",1,E9="Not validated",1,E9="Not applicable",0,E9="To evaluate",1)) -> 1.25 | N9: Applicable to all services | O9: UI inspection confirms absence of eco indicators.
H10: No eco-impact indicators exist, and no high-impact features currently require them.
B11: 4.13 | C11: Does the digital service limit the use of notifications, while giving users the ability to disable them? | D11: Top priority | E11: Ongoing | F11: 15/11/2025 | G11: Allow users to control the frequency or type of notifications. | H11: Medium | I11: Add a simple notification preference setting. | J11: Frontend + backend developer. | K11: Future update. | L11: =IFS(D11="Top priority",IFS(E11="Validated",1.5,E11="Ongoing",0,E11="Not validated",0,E11="Not applicable",0,E11="To evaluate",0),D11="Recommanded",IFS(E11="Validated",1.25,E11="Ongoing",0,E11="Not validated",0,E11="Not applicable",0,E11="To evaluate",0),D11="Moderate",IFS(E11="Validated",1,E11="Ongoing",0,E11="Not validated",0,E11="Not applicable",0,E11="To evaluate",0)) -> 0 | M11: =IFS(D11="Top priority",IFS(E11="Validated",1.5,E11="Ongoing",1.5,E11="Not validated",1.5,E11="Not applicable",0,E11="To evaluate",1.5),D11="Recommanded",IFS(E11="Validated",1.25,E11="Ongoing",1.25,E11="Not validated",1.25,E11="Not applicable",0,E11="To evaluate",1.25),D11="Moderate",IFS(E11="Validated",1,E11="Ongoing",1,E11="Not validated",1,E11="Not applicable",0,E11="To evaluate",1)) -> 1.5 | N11: Applicable to all services | O11: Review confirms notifications exist but lack adjustable preferences.
H12: Smart Library uses basic notifications but does not yet offer user-controlled granularity.
B13: 4.14 | C13: Does the digital service avoid the use of dark patterns in its user interface? | D13: Recommanded | E13: Validated | F13: 15/11/2025 | G13: Recheck UI during future updates to ensure transparency is maintained. | H13: Medium | L13: =IFS(D13="Top priority",IFS(E13="Validated",1.5,E13="Ongoing",0,E13="Not validated",0,E13="Not applicable",0,E13="To evaluate",0),D13="Recommanded",IFS(E13="Validated",1.25,E13="Ongoing",0,E13="Not validated",0,E13="Not applicable",0,E13="To evaluate",0),D13="Moderate",IFS(E13="Validated",1,E13="Ongoing",0,E13="Not validated",0,E13="Not applicable",0,E13="To evaluate",0)) -> 1.25 | M13: =IFS(D13="Top priority",IFS(E13="Validated",1.5,E13="Ongoing",1.5,E13="Not validated",1.5,E13="Not applicable",0,E13="To evaluate",1.5),D13="Recommanded",IFS(E13="Validated",1.25,E13="Ongoing",1.25,E13="Not validated",1.25,E13="Not applicable",0,E13="To evaluate",1.25),D13="Moderate",IFS(E13="Validated",1,E13="Ongoing",1,E13="Not validated",1,E13="Not applicable",0,E13="To evaluate",1)) -> 1.25 | N13: Applicable to all services | O13: Manual inspection confirms absence of dark patterns.
H14: The interface contains no deceptive or manipulative UI patterns.
B15: 4.15 | C15: Does the digital service provide users with a means to monitor their usage to be able to track and reduce their associated environmental impacts? | D15: Recommanded | E15: Ongoing | F15: 15/11/2025 | G15: Add a minimal indicator (e.g., last viewed time). | H15: Medium | I15: Define and implement a lightweight usage indicator. | J15: Backend + frontend developer. | K15: Future update. | L15: =IFS(D15="Top priority",IFS(E15="Validated",1.5,E15="Ongoing",0,E15="Not validated",0,E15="Not applicable",0,E15="To evaluate",0),D15="Recommanded",IFS(E15="Validated",1.25,E15="Ongoing",0,E15="Not validated",0,E15="Not applicable",0,E15="To evaluate",0),D15="Moderate",IFS(E15="Validated",1,E15="Ongoing",0,E15="Not validated",0,E15="Not applicable",0,E15="To evaluate",0)) -> 0 | M15: =IFS(D15="Top priority",IFS(E15="Validated",1.5,E15="Ongoing",1.5,E15="Not validated",1.5,E15="Not applicable",0,E15="To evaluate",1.5),D15="Recommanded",IFS(E15="Validated",1.25,E15="Ongoing",1.25,E15="Not validated",1.25,E15="Not applicable",0,E15="To evaluate",1.25),D15="Moderate",IFS(E15="Validated",1,E15="Ongoing",1,E15="Not validated",1,E15="Not applicable",0,E15="To evaluate",1)) -> 1.25 | N15: Applicable to all services | O15: UI review shows no usage indicators.
H16: Usage monitoring is not currently available but could be added easily.
H18: Usage monitoring is not currently available but could be added easily.

Sheet 5 Content
A1: The content of these columns is used to generate the PDF to be published (use the PDF export function in this software). | H1: Columns for internal use (not published in the generated PDF) Complete these boxes if this will help you to progress. | L1: Columns to help assess the criterion (not published in the generated PDF) and example of an ecodesign declaration
A2: ID | C2: Name of the criteria | D2: Level of priority | E2: Evaluation | F2: Date of Evaluation | G2: Potential developments | H2: Level of difficulty | I2: Actions to be taken | J2: Who does ? | K2: For when ? | L2: Score By ID | M2: Denominator | N2: Target | O2: Summary of the means of testing or checking (consult the RGESN for the full version)
A3: 5 – Content | B3: 5.1 | C3: Does the digital service use a file format adapted to the content and the viewing context of each image? | D3: Recommanded | E3: Not applicable | F3: =IF(D3<>"Moderate", "15/11/2025", "") -> 15/11/2025 | G3: None unless future features require images. | H3: Low | L3: =IFS(D3="Top priority",IFS(E3="Validated",1.5,E3="Ongoing",0,E3="Not validated",0,E3="Not applicable",0,E3="To evaluate",0),D3="Recommanded",IFS(E3="Validated",1.25,E3="Ongoing",0,E3="Not validated",0,E3="Not applicable",0,E3="To evaluate",0),D3="Moderate",IFS(E3="Validated",1,E3="Ongoing",0,E3="Not validated",0,E3="Not applicable",0,E3="To evaluate",0)) -> 0 | M3: =IFS(D3="Top priority",IFS(E3="Validated",1.5,E3="Ongoing",1.5,E3="Not validated",1.5,E3="Not applicable",0,E3="To evaluate",1.5),D3="Recommanded",IFS(E3="Validated",1.25,E3="Ongoing",1.25,E3="Not validated",1.25,E3="Not applicable",0,E3="To evaluate",1.25),D3="Moderate",IFS(E3="Validated",1,E3="Ongoing",1,E3="Not validated",1,E3="Not applicable",0,E3="To evaluate",1)) -> 0 | N3: Applicable only if the service uses images | O3: UI and asset review confirmed that the service does not include image content.
H4: Smart Library uses no images other than simple UI elements; no content images requiring format adaptation are used.
B5: 5.2 | C5: Does the digital service contain images whose level of compression is adapted to the content and the viewing context? | D5: Recommanded | E5: Not applicable | F5: =IF(D5<>"Moderate", "15/11/2025", "") -> 15/11/2025 | G5: Ensure proper compression if future images are added. | H5: Medium | L5: =IFS(D5="Top priority",IFS(E5="Validated",1.5,E5="Ongoing",0,E5="Not validated",0,E5="Not applicable",0,E5="To evaluate",0),D5="Recommanded",IFS(E5="Validated",1.25,E5="Ongoing",0,E5="Not validated",0,E5="Not applicable",0,E5="To evaluate",0),D5="Moderate",IFS(E5="Validated",1,E5="Ongoing",0,E5="Not validated",0,E5="Not applicable",0,E5="To evaluate",0)) -> 0 | M5: =IFS(D5="Top priority",IFS(E5="Validated",1.5,E5="Ongoing",1.5,E5="Not validated",1.5,E5="Not applicable",0,E5="To evaluate",1.5),D5="Recommanded",IFS(E5="Validated",1.25,E5="Ongoing",1.25,E5="Not validated",1.25,E5="Not applicable",0,E5="To evaluate",1.25),D5="Moderate",IFS(E5="Validated",1,E5="Ongoing",1,E5="Not validated",1,E5="Not applicable",0,E5="To evaluate",1)) -> 0 | N5: Applicable only if the service uses images that require compression | O5: Inspection shows no images that require compression.
H6: The service does not use content images, so compression levels do not apply.
B7: 5.3 | C7: Does the digital service use a definition adapted to the content and viewing context for each video? | D7: Top priority | E7: Not applicable | F7: =IF(D7<>"Moderate", "15/11/2025", "") -> 15/11/2025 | G7: None, unless videos are introduced later. | H7: Low | I7: Add simple contextual filters (e.g., favourite rooms or preferred building). | J7: Frontend developer. | K7: Future update. | L7: =IFS(D7="Top priority",IFS(E7="Validated",1.5,E7="Ongoing",0,E7="Not validated",0,E7="Not applicable",0,E7="To evaluate",0),D7="Recommanded",IFS(E7="Validated",1.25,E7="Ongoing",0,E7="Not validated",0,E7="Not applicable",0,E7="To evaluate",0),D7="Moderate",IFS(E7="Validated",1,E7="Ongoing",0,E7="Not validated",0,E7="Not applicable",0,E7="To evaluate",0)) -> 0 | M7: =IFS(D7="Top priority",IFS(E7="Validated",1.5,E7="Ongoing",1.5,E7="Not validated",1.5,E7="Not applicable",0,E7="To evaluate",1.5),D7="Recommanded",IFS(E7="Validated",1.25,E7="Ongoing",1.25,E7="Not validated",1.25,E7="Not applicable",0,E7="To evaluate",1.25),D7="Moderate",IFS(E7="Validated",1,E7="Ongoing",1,E7="Not validated",1,E7="Not applicable",0,E7="To evaluate",1)) -> 0 | N7: Applicable only if videos exist | O7: Interface review confirmed the absence of video elements.
H8: Smart Library does not use any video content.
B9: 5.4 | C9: Does the digital service use videos with an efficient compression method that is adapted to the content and the viewing context? | D9: Top priority | E9: Not applicable | F9: =IF(D9<>"Moderate", "15/11/2025", "") -> 15/11/2025 | G9: None planned. | H9: Medium | L9: =IFS(D9="Top priority",IFS(E9="Validated",1.5,E9="Ongoing",0,E9="Not validated",0,E9="Not applicable",0,E9="To evaluate",0),D9="Recommanded",IFS(E9="Validated",1.25,E9="Ongoing",0,E9="Not validated",0,E9="Not applicable",0,E9="To evaluate",0),D9="Moderate",IFS(E9="Validated",1,E9="Ongoing",0,E9="Not validated",0,E9="Not applicable",0,E9="To evaluate",0)) -> 0 | M9: =IFS(D9="Top priority",IFS(E9="Validated",1.5,E9="Ongoing",1.5,E9="Not validated",1.5,E9="Not applicable",0,E9="To evaluate",1.5),D9="Recommanded",IFS(E9="Validated",1.25,E9="Ongoing",1.25,E9="Not validated",1.25,E9="Not applicable",0,E9="To evaluate",1.25),D9="Moderate",IFS(E9="Validated",1,E9="Ongoing",1,E9="Not validated",1,E9="Not applicable",0,E9="To evaluate",1)) -> 0 | N9: Applicable only if videos are present | O9: UI inspection confirms no video content exists.
H10: There are no videos in the Smart Library interface, so compression format selection does not apply.
B11: 5.5 | C11: Does the digital service offer an audio-only mode for its videos? | D11: Top priority | E11: Not applicable | F11: =IF(D11<>"Moderate", "15/11/2025", "") -> 15/11/2025 | G11: None unless videos are added. | H11: High | L11: =IFS(D11="Top priority",IFS(E11="Validated",1.5,E11="Ongoing",0,E11="Not validated",0,E11="Not applicable",0,E11="To evaluate",0),D11="Recommanded",IFS(E11="Validated",1.25,E11="Ongoing",0,E11="Not validated",0,E11="Not applicable",0,E11="To evaluate",0),D11="Moderate",IFS(E11="Validated",1,E11="Ongoing",0,E11="Not validated",0,E11="Not applicable",0,E11="To evaluate",0)) -> 0 | M11: =IFS(D11="Top priority",IFS(E11="Validated",1.5,E11="Ongoing",1.5,E11="Not validated",1.5,E11="Not applicable",0,E11="To evaluate",1.5),D11="Recommanded",IFS(E11="Validated",1.25,E11="Ongoing",1.25,E11="Not validated",1.25,E11="Not applicable",0,E11="To evaluate",1.25),D11="Moderate",IFS(E11="Validated",1,E11="Ongoing",1,E11="Not validated",1,E11="Not applicable",0,E11="To evaluate",1)) -> 0 | N11: Applicable only to services containing videos | O11: Interface review confirms no audio or video content is provided.
H12: Since the service contains no videos, an audio-only mode is not relevant.
B13: 5.6 | C13: Does the digital service offer audio content whose compression mode is adapted to the content and listening context? | D13: Moderate | E13: To evaluate | F13: =IF(D13<>"Moderate", "15/11/2025", "") | H13: Low | L13: =IFS(D13="Top priority",IFS(E13="Validated",1.5,E13="Ongoing",0,E13="Not validated",0,E13="Not applicable",0,E13="To evaluate",0),D13="Recommanded",IFS(E13="Validated",1.25,E13="Ongoing",0,E13="Not validated",0,E13="Not applicable",0,E13="To evaluate",0),D13="Moderate",IFS(E13="Validated",1,E13="Ongoing",0,E13="Not validated",0,E13="Not applicable",0,E13="To evaluate",0)) -> 0 | M13: =IFS(D13="Top priority",IFS(E13="Validated",1.5,E13="Ongoing",1.5,E13="Not validated",1.5,E13="Not applicable",0,E13="To evaluate",1.5),D13="Recommanded",IFS(E13="Validated",1.25,E13="Ongoing",1.25,E13="Not validated",1.25,E13="Not applicable",0,E13="To evaluate",1.25),D13="Moderate",IFS(E13="Validated",1,E13="Ongoing",1,E13="Not validated",1,E13="Not applicable",0,E13="To evaluate",1)) -> 1 | N13: N/A if the digital service does not use audio content | O13: The criterion is validated if the service meets the following conditions: • the audio content available on the digital service is offered with an efficient audio codec, currently Opus, AAC, HE-AAC, HE-AAC v2, HD-AAC, Dolby E-AC-3 or Dolby AC-4 (an inefficient codec may be offered as a fallback, provided that a more efficient one is available to compatible devices); • document the audio codec(s) used, the type of audio encoding: bitrate, number of channels in the digital service’s Ecodesign declaration of conformity.
H14: - Audio codec(s) used: [to be completed] - Type of audio encoding: bit rate, number of channels: [to be completed
B15: 5.7 | C15: Does the digital service use a file format adapted to each document’s content and context of use? | D15: Moderate | E15: To evaluate | F15: =IF(D15<>"Moderate", "15/11/2025", "") | H15: Medium | L15: =IFS(D15="Top priority",IFS(E15="Validated",1.5,E15="Ongoing",0,E15="Not validated",0,E15="Not applicable",0,E15="To evaluate",0),D15="Recommanded",IFS(E15="Validated",1.25,E15="Ongoing",0,E15="Not validated",0,E15="Not applicable",0,E15="To evaluate",0),D15="Moderate",IFS(E15="Validated",1,E15="Ongoing",0,E15="Not validated",0,E15="Not applicable",0,E15="To evaluate",0)) -> 0 | M15: =IFS(D15="Top priority",IFS(E15="Validated",1.5,E15="Ongoing",1.5,E15="Not validated",1.5,E15="Not applicable",0,E15="To evaluate",1.5),D15="Recommanded",IFS(E15="Validated",1.25,E15="Ongoing",1.25,E15="Not validated",1.25,E15="Not applicable",0,E15="To evaluate",1.25),D15="Moderate",IFS(E15="Validated",1,E15="Ongoing",1,E15="Not validated",1,E15="Not applicable",0,E15="To evaluate",1)) -> 1 | N15: N/A if the digital service is not based on the use of files | O15: The criterion is validated if the documents used for the digital service’s operation are compressed to reduce their size and adapt to the viewing and use context and to the content. The document compression strategy must be documented and auditable by a third party, for instance by being detailed in the digital service’s Ecodesign declaration of conformity.
H16: - Document compression strategy : [to be completed]
B17: 5.8 | C17: Does the digital service have an automatic or manual archiving and deletion strategy for obsolete or outdated content? | D17: Recommanded | E17: Ongoing | F17: =IF(D17<>"Moderate", "15/11/2025", "") -> 15/11/2025 | G17: Define clear rules for removing outdated dashboard data or old system messages. | H17: Medium | I17: Create simple rules to remove obsolete notifications or outdated dashboard entries. | J17: Backend developer. | K17: Next update cycle. | L17: =IFS(D17="Top priority",IFS(E17="Validated",1.5,E17="Ongoing",0,E17="Not validated",0,E17="Not applicable",0,E17="To evaluate",0),D17="Recommanded",IFS(E17="Validated",1.25,E17="Ongoing",0,E17="Not validated",0,E17="Not applicable",0,E17="To evaluate",0),D17="Moderate",IFS(E17="Validated",1,E17="Ongoing",0,E17="Not validated",0,E17="Not applicable",0,E17="To evaluate",0)) -> 0 | M17: =IFS(D17="Top priority",IFS(E17="Validated",1.5,E17="Ongoing",1.5,E17="Not validated",1.5,E17="Not applicable",0,E17="To evaluate",1.5),D17="Recommanded",IFS(E17="Validated",1.25,E17="Ongoing",1.25,E17="Not validated",1.25,E17="Not applicable",0,E17="To evaluate",1.25),D17="Moderate",IFS(E17="Validated",1,E17="Ongoing",1,E17="Not validated",1,E17="Not applicable",0,E17="To evaluate",1)) -> 1.25 | N17: Applicable to all services | O17: Backend and UI review confirmed no defined process for identifying or removing outdated content.
H18: Smart Library displays live occupancy data, but no formal archiving or deletion strategy exists for old content or messages.

Sheet 6 Frontend
A1: The content of these columns is used to generate the PDF to be published (use the PDF export function in this software). | H1: Columns for internal use (not published in the generated PDF) Complete these boxes if this will help you to progress. | L1: Columns to help assess the criterion (not published in the generated PDF) and example of an ecodesign declaration
A2: ID | C2: Name of the criteria | D2: Level of priority | E2: Evaluation | F2: Date of Evaluation | G2: Potential developments | H2: Level of difficulty | I2: Actions to be taken | J2: Who does ? | K2: For when ? | L2: Score By ID | M2: Denominator | N2: Target | O2: Summary of the means of testing or checking (consult the RGESN for the full version)
A3: 6 – Frontend | B3: 6.1 | C3: Does the digital service restrict itself to a maximum size and a request limit per screen? | D3: Recommanded | E3: Ongoing | F3: =IF(D3<>"Moderate", "15/11/2025", "") -> 15/11/2025 | G3: Define a maximum page weight and request limit for each dashboard screen. | H3: Medium | I3: Measure page weight and set a maximum number of network requests per dashboard screen. | J3: Frontend developer. | K3: Next release. | L3: =IFS(D3="Top priority",IFS(E3="Validated",1.5,E3="Ongoing",0,E3="Not validated",0,E3="Not applicable",0,E3="To evaluate",0),D3="Recommanded",IFS(E3="Validated",1.25,E3="Ongoing",0,E3="Not validated",0,E3="Not applicable",0,E3="To evaluate",0),D3="Moderate",IFS(E3="Validated",1,E3="Ongoing",0,E3="Not validated",0,E3="Not applicable",0,E3="To evaluate",0)) -> 0 | M3: =IFS(D3="Top priority",IFS(E3="Validated",1.5,E3="Ongoing",1.5,E3="Not validated",1.5,E3="Not applicable",0,E3="To evaluate",1.5),D3="Recommanded",IFS(E3="Validated",1.25,E3="Ongoing",1.25,E3="Not validated",1.25,E3="Not applicable",0,E3="To evaluate",1.25),D3="Moderate",IFS(E3="Validated",1,E3="Ongoing",1,E3="Not validated",1,E3="Not applicable",0,E3="To evaluate",1)) -> 1.25 | N3: Applicable to all services | O3: A basic inspection shows few requests and a small page size, but no formal thresholds exist.
H4: The Smart Library dashboard is lightweight, but no explicit limits on page weight or request count have been set.
B5: 6.2 | C5: Does the digital service use caching mechanisms for all of the transferred content that it controls? | D5: Recommanded | E5: Validated | F5: =IF(D5<>"Moderate", "15/11/2025", "") -> 15/11/2025 | G5: Specify cache expiration strategy in the documentation. | H5: Medium | L5: =IFS(D5="Top priority",IFS(E5="Validated",1.5,E5="Ongoing",0,E5="Not validated",0,E5="Not applicable",0,E5="To evaluate",0),D5="Recommanded",IFS(E5="Validated",1.25,E5="Ongoing",0,E5="Not validated",0,E5="Not applicable",0,E5="To evaluate",0),D5="Moderate",IFS(E5="Validated",1,E5="Ongoing",0,E5="Not validated",0,E5="Not applicable",0,E5="To evaluate",0)) -> 1.25 | M5: =IFS(D5="Top priority",IFS(E5="Validated",1.5,E5="Ongoing",1.5,E5="Not validated",1.5,E5="Not applicable",0,E5="To evaluate",1.5),D5="Recommanded",IFS(E5="Validated",1.25,E5="Ongoing",1.25,E5="Not validated",1.25,E5="Not applicable",0,E5="To evaluate",1.25),D5="Moderate",IFS(E5="Validated",1,E5="Ongoing",1,E5="Not validated",1,E5="Not applicable",0,E5="To evaluate",1)) -> 1.25 | N5: Applicable to all services using a server | O5: Repeated access shows static files are retrieved from cache rather than the server.
H6: The service benefits from browser caching for static content, reducing repeated transfers of identical resources.
B7: 6.3 | C7: Has the digital service implemented compression techniques for the transferred resources that it controls? | D7: Moderate | E7: To evaluate | F7: =IF(D7<>"Moderate", "15/11/2025", "") | H7: Low | L7: =IFS(D7="Top priority",IFS(E7="Validated",1.5,E7="Ongoing",0,E7="Not validated",0,E7="Not applicable",0,E7="To evaluate",0),D7="Recommanded",IFS(E7="Validated",1.25,E7="Ongoing",0,E7="Not validated",0,E7="Not applicable",0,E7="To evaluate",0),D7="Moderate",IFS(E7="Validated",1,E7="Ongoing",0,E7="Not validated",0,E7="Not applicable",0,E7="To evaluate",0)) -> 0 | M7: =IFS(D7="Top priority",IFS(E7="Validated",1.5,E7="Ongoing",1.5,E7="Not validated",1.5,E7="Not applicable",0,E7="To evaluate",1.5),D7="Recommanded",IFS(E7="Validated",1.25,E7="Ongoing",1.25,E7="Not validated",1.25,E7="Not applicable",0,E7="To evaluate",1.25),D7="Moderate",IFS(E7="Validated",1,E7="Ongoing",1,E7="Not validated",1,E7="Not applicable",0,E7="To evaluate",1)) -> 1 | N7: N/A if the digital service does not use an internet connection | O7: The criterion is validated if the numeric service queries use a data compression mechanism at the frontend. For HTTP and HTML compression, the Brotli or GZIP compression mechanisms are recommended.
B9: 6.4 | C9: Does the digital service display primarily images whose original dimensions correspond to the display context’s dimensions? | D9: Recommanded | E9: Validated | F9: =IF(D9<>"Moderate", "15/11/2025", "") -> 15/11/2025 | G9: Ensure that any future images are pre-resized before delivery. | H9: Medium | L9: =IFS(D9="Top priority",IFS(E9="Validated",1.5,E9="Ongoing",0,E9="Not validated",0,E9="Not applicable",0,E9="To evaluate",0),D9="Recommanded",IFS(E9="Validated",1.25,E9="Ongoing",0,E9="Not validated",0,E9="Not applicable",0,E9="To evaluate",0),D9="Moderate",IFS(E9="Validated",1,E9="Ongoing",0,E9="Not validated",0,E9="Not applicable",0,E9="To evaluate",0)) -> 1.25 | M9: =IFS(D9="Top priority",IFS(E9="Validated",1.5,E9="Ongoing",1.5,E9="Not validated",1.5,E9="Not applicable",0,E9="To evaluate",1.5),D9="Recommanded",IFS(E9="Validated",1.25,E9="Ongoing",1.25,E9="Not validated",1.25,E9="Not applicable",0,E9="To evaluate",1.25),D9="Moderate",IFS(E9="Validated",1,E9="Ongoing",1,E9="Not validated",1,E9="Not applicable",0,E9="To evaluate",1)) -> 1.25 | N9: Applicable to all services using images | O9: UI asset review confirmed that no oversized images are served.
H10: The service currently uses minimal static images and no large-format graphics, ensuring efficient loading.
B11: 6.5 | C11: Does the digital service avoid triggering uploads of unused resources and content for each feature? | D11: Recommanded | E11: Validated | F11: =IF(D11<>"Moderate", "15/11/2025", "") -> 15/11/2025 | G11: Audit periodically to ensure no new unused assets are added. | H11: High | L11: =IFS(D11="Top priority",IFS(E11="Validated",1.5,E11="Ongoing",0,E11="Not validated",0,E11="Not applicable",0,E11="To evaluate",0),D11="Recommanded",IFS(E11="Validated",1.25,E11="Ongoing",0,E11="Not validated",0,E11="Not applicable",0,E11="To evaluate",0),D11="Moderate",IFS(E11="Validated",1,E11="Ongoing",0,E11="Not validated",0,E11="Not applicable",0,E11="To evaluate",0)) -> 1.25 | M11: =IFS(D11="Top priority",IFS(E11="Validated",1.5,E11="Ongoing",1.5,E11="Not validated",1.5,E11="Not applicable",0,E11="To evaluate",1.5),D11="Recommanded",IFS(E11="Validated",1.25,E11="Ongoing",1.25,E11="Not validated",1.25,E11="Not applicable",0,E11="To evaluate",1.25),D11="Moderate",IFS(E11="Validated",1,E11="Ongoing",1,E11="Not validated",1,E11="Not applicable",0,E11="To evaluate",1)) -> 1.25 | N11: Applicable to all services | O11: Frontend inspection shows only essential JS, CSS, and data are loaded when accessing the dashboard.
H12: Smart Library only loads resources required for the dashboard view; no unused scripts, media, or UI components are triggered.
B13: 6.6 | C13: Does the digital service solicit sensors on user devices only when needed, rather than permanently? | D13: Moderate | E13: To evaluate | F13: =IF(D13<>"Moderate", "15/11/2025", "") | H13: Medium | L13: =IFS(D13="Top priority",IFS(E13="Validated",1.5,E13="Ongoing",0,E13="Not validated",0,E13="Not applicable",0,E13="To evaluate",0),D13="Recommanded",IFS(E13="Validated",1.25,E13="Ongoing",0,E13="Not validated",0,E13="Not applicable",0,E13="To evaluate",0),D13="Moderate",IFS(E13="Validated",1,E13="Ongoing",0,E13="Not validated",0,E13="Not applicable",0,E13="To evaluate",0)) -> 0 | M13: =IFS(D13="Top priority",IFS(E13="Validated",1.5,E13="Ongoing",1.5,E13="Not validated",1.5,E13="Not applicable",0,E13="To evaluate",1.5),D13="Recommanded",IFS(E13="Validated",1.25,E13="Ongoing",1.25,E13="Not validated",1.25,E13="Not applicable",0,E13="To evaluate",1.25),D13="Moderate",IFS(E13="Validated",1,E13="Ongoing",1,E13="Not validated",1,E13="Not applicable",0,E13="To evaluate",1)) -> 1
B15: 6.7 | C15: Does the digital service host all of the transferred static resources that it transmits over the same domain? | D15: Moderate | E15: To evaluate | F15: =IF(D15<>"Moderate", "15/11/2025", "") | H15: Low | L15: =IFS(D15="Top priority",IFS(E15="Validated",1.5,E15="Ongoing",0,E15="Not validated",0,E15="Not applicable",0,E15="To evaluate",0),D15="Recommanded",IFS(E15="Validated",1.25,E15="Ongoing",0,E15="Not validated",0,E15="Not applicable",0,E15="To evaluate",0),D15="Moderate",IFS(E15="Validated",1,E15="Ongoing",0,E15="Not validated",0,E15="Not applicable",0,E15="To evaluate",0)) -> 0 | M15: =IFS(D15="Top priority",IFS(E15="Validated",1.5,E15="Ongoing",1.5,E15="Not validated",1.5,E15="Not applicable",0,E15="To evaluate",1.5),D15="Recommanded",IFS(E15="Validated",1.25,E15="Ongoing",1.25,E15="Not validated",1.25,E15="Not applicable",0,E15="To evaluate",1.25),D15="Moderate",IFS(E15="Validated",1,E15="Ongoing",1,E15="Not validated",1,E15="Not applicable",0,E15="To evaluate",1)) -> 1 | N15: N/A if the digital service does not use HTTP | O15: The criterion is validated if (cumulative conditions): • all of its resources support HTTP/2 or HTTP/3; • all static resources, excluding third-party services, are transferred via a single domain name at a given point in time.

Sheet 7 Backend
A1: The content of these columns is used to generate the PDF to be published (use the PDF export function in this software). | H1: Columns for internal use (not published in the generated PDF) Complete these boxes if this will help you to progress. | L1: Columns to help assess the criterion (not published in the generated PDF) and example of an ecodesign declaration
A2: ID | C2: Name of the criteria | D2: Level of priority | E2: Evaluation | F2: Date of Evaluation | G2: Potential developments | H2: Level of difficulty | I2: Actions to be taken | J2: Who does ? | K2: For when ? | L2: Score By ID | M2: Denominator | N2: Target | O2: Summary of the means of testing or checking (consult the RGESN for the full version)
A3: 7 – Backend | B3: 7.1 | C3: Does the digital service use a cache server system for the most popular data? | D3: Recommanded | E3: Validated | F3: =IF(D3<>"Moderate", "15/11/2025", "") -> 15/11/2025 | G3: Add simple cache invalidation rules if data becomes more dynamic. | H3: Medium | L3: =IFS(D3="Top priority",IFS(E3="Validated",1.5,E3="Ongoing",0,E3="Not validated",0,E3="Not applicable",0,E3="To evaluate",0),D3="Recommanded",IFS(E3="Validated",1.25,E3="Ongoing",0,E3="Not validated",0,E3="Not applicable",0,E3="To evaluate",0),D3="Moderate",IFS(E3="Validated",1,E3="Ongoing",0,E3="Not validated",0,E3="Not applicable",0,E3="To evaluate",0)) -> 1.25 | M3: =IFS(D3="Top priority",IFS(E3="Validated",1.5,E3="Ongoing",1.5,E3="Not validated",1.5,E3="Not applicable",0,E3="To evaluate",1.5),D3="Recommanded",IFS(E3="Validated",1.25,E3="Ongoing",1.25,E3="Not validated",1.25,E3="Not applicable",0,E3="To evaluate",1.25),D3="Moderate",IFS(E3="Validated",1,E3="Ongoing",1,E3="Not validated",1,E3="Not applicable",0,E3="To evaluate",1)) -> 1.25 | N3: Applicable to all services with server responses | O3: Backend review shows that identical data can be served repeatedly without regeneration, meeting caching expectations.
H4: Smart Library serves simple occupancy data that changes infrequently; server caching (or in-memory caching) is naturally possible and reduces repeated database calls.
B5: 7.2 | C5: Has the digital service implemented retention periods for data and documents, with a view to deleting or archiving them once they expire? | D5: Recommanded | E5: Ongoing | F5: =IF(D5<>"Moderate", "15/11/2025", "") -> 15/11/2025 | G5: Define and document retention periods for stored occupancy or log data. | H5: Medium | I5: Set retention periods for logs or temporary data (e.g., delete logs older than X days). | J5: Backend developer. | K5: Next iteration. | L5: =IFS(D5="Top priority",IFS(E5="Validated",1.5,E5="Ongoing",0,E5="Not validated",0,E5="Not applicable",0,E5="To evaluate",0),D5="Recommanded",IFS(E5="Validated",1.25,E5="Ongoing",0,E5="Not validated",0,E5="Not applicable",0,E5="To evaluate",0),D5="Moderate",IFS(E5="Validated",1,E5="Ongoing",0,E5="Not validated",0,E5="Not applicable",0,E5="To evaluate",0)) -> 0 | M5: =IFS(D5="Top priority",IFS(E5="Validated",1.5,E5="Ongoing",1.5,E5="Not validated",1.5,E5="Not applicable",0,E5="To evaluate",1.5),D5="Recommanded",IFS(E5="Validated",1.25,E5="Ongoing",1.25,E5="Not validated",1.25,E5="Not applicable",0,E5="To evaluate",1.25),D5="Moderate",IFS(E5="Validated",1,E5="Ongoing",1,E5="Not validated",1,E5="Not applicable",0,E5="To evaluate",1)) -> 1.25 | N5: Applicable to all services using stored data | O5: Backend verification shows data is stored simply but without explicit deletion schedules.
H6: Smart Library stores minimal information, but no formal retention or deletion rules exist yet for logs or temporary datasets.
B7: 7.3 | C7: Does the digital service inform users of background processing? | D7: Moderate | E7: To evaluate | F7: =IF(D7<>"Moderate", "15/11/2025", "") | H7: Low | L7: =IFS(D7="Top priority",IFS(E7="Validated",1.5,E7="Ongoing",0,E7="Not validated",0,E7="Not applicable",0,E7="To evaluate",0),D7="Recommanded",IFS(E7="Validated",1.25,E7="Ongoing",0,E7="Not validated",0,E7="Not applicable",0,E7="To evaluate",0),D7="Moderate",IFS(E7="Validated",1,E7="Ongoing",0,E7="Not validated",0,E7="Not applicable",0,E7="To evaluate",0)) -> 0 | M7: =IFS(D7="Top priority",IFS(E7="Validated",1.5,E7="Ongoing",1.5,E7="Not validated",1.5,E7="Not applicable",0,E7="To evaluate",1.5),D7="Recommanded",IFS(E7="Validated",1.25,E7="Ongoing",1.25,E7="Not validated",1.25,E7="Not applicable",0,E7="To evaluate",1.25),D7="Moderate",IFS(E7="Validated",1,E7="Ongoing",1,E7="Not validated",1,E7="Not applicable",0,E7="To evaluate",1)) -> 1 | N7: N/A if the digital service does not perform background processing | O7: Perform functional tests to verify that when an action is being processed, the button or trigger is disabled and a visual indicator or wait message is present to inform the user
B9: 7.4 | C9: Does the digital service rely on a consensus mechanism that minimises its resource consumption? | D9: Top priority | E9: Not applicable | F9: =IF(D9<>"Moderate", "15/11/2025", "") -> 15/11/2025 | G9: None needed. | H9: High | L9: =IFS(D9="Top priority",IFS(E9="Validated",1.5,E9="Ongoing",0,E9="Not validated",0,E9="Not applicable",0,E9="To evaluate",0),D9="Recommanded",IFS(E9="Validated",1.25,E9="Ongoing",0,E9="Not validated",0,E9="Not applicable",0,E9="To evaluate",0),D9="Moderate",IFS(E9="Validated",1,E9="Ongoing",0,E9="Not validated",0,E9="Not applicable",0,E9="To evaluate",0)) -> 0 | M9: =IFS(D9="Top priority",IFS(E9="Validated",1.5,E9="Ongoing",1.5,E9="Not validated",1.5,E9="Not applicable",0,E9="To evaluate",1.5),D9="Recommanded",IFS(E9="Validated",1.25,E9="Ongoing",1.25,E9="Not validated",1.25,E9="Not applicable",0,E9="To evaluate",1.25),D9="Moderate",IFS(E9="Validated",1,E9="Ongoing",1,E9="Not validated",1,E9="Not applicable",0,E9="To evaluate",1)) -> 0 | N9: N/A unless the service uses blockchain, distributed ledgers, or heavy consensus protocols. | O9: Code and architecture review confirm no distributed consensus logic is used.
H10: Smart Library does not use blockchain or consensus mechanisms; it is a simple client–server system.

Sheet 8 Hosting (1)
A1: The content of these columns is used to generate the PDF to be published (use the PDF export function in this software). | H1: Columns for internal use (not published in the generated PDF) Complete these boxes if this will help you to progress. | L1: Columns to help assess the criterion (not published in the generated PDF) and example of an ecodesign declaration
A2: ID | C2: Name of the criteria | D2: Level of priority | E2: Evaluation | F2: Date of Evaluation | G2: Potential developments | H2: Level of difficulty | I2: Actions to be taken | J2: Who does ? | K2: For when ? | L2: Score By ID | M2: Denominator | N2: Target | O2: Summary of the means of testing or checking (consult the RGESN for the full version)
A3: 8 – Hosting (1/2) | H3: Name(s) of supplier(s) or service provider(s) for physical hosting of servers (storage or computing in particular) to enable the environmental impact of hosting to be monitored: [to be completed].
B4: 8.1 | C4: Does the digital service use a hosting provider that has a strategy to reduce its environmental footprint? | D4: Top priority | E4: Validated | F4: =IF(D4<>"Moderate", "15/11/2025", "") -> 15/11/2025 | G4: Confirm HTTP/3 support when available on the university infrastructure. | H4: Medium | L4: =IFS(D4="Top priority",IFS(E4="Validated",1.5,E4="Ongoing",0,E4="Not validated",0,E4="Not applicable",0,E4="To evaluate",0),D4="Recommanded",IFS(E4="Validated",1.25,E4="Ongoing",0,E4="Not validated",0,E4="Not applicable",0,E4="To evaluate",0),D4="Moderate",IFS(E4="Validated",1,E4="Ongoing",0,E4="Not validated",0,E4="Not applicable",0,E4="To evaluate",0)) -> 1.5 | M4: =IFS(D4="Top priority",IFS(E4="Validated",1.5,E4="Ongoing",1.5,E4="Not validated",1.5,E4="Not applicable",0,E4="To evaluate",1.5),D4="Recommanded",IFS(E4="Validated",1.25,E4="Ongoing",1.25,E4="Not validated",1.25,E4="Not applicable",0,E4="To evaluate",1.25),D4="Moderate",IFS(E4="Validated",1,E4="Ongoing",1,E4="Not validated",1,E4="Not applicable",0,E4="To evaluate",1)) -> 1.5 | N4: Applicable to all services hosting static assets | O4: Inspection of hosting environment confirms HTTP/2 compatibility.
H5: The Smart Library static resources can be served over HTTP/2, which allows multiplexing and reduces latency compared to older versions.
B6: 8.2 | C6: Does the digital service use a hosting provider that provides a sustainable management policy for its equipment? | D6: Top priority | E6: Validated | F6: =IF(D6<>"Moderate", "15/11/2025", "") -> 15/11/2025 | G6: Ensure future deployments remain within local or university infrastructure. | H6: Medium | L6: =IFS(D6="Top priority",IFS(E6="Validated",1.5,E6="Ongoing",0,E6="Not validated",0,E6="Not applicable",0,E6="To evaluate",0),D6="Recommanded",IFS(E6="Validated",1.25,E6="Ongoing",0,E6="Not validated",0,E6="Not applicable",0,E6="To evaluate",0),D6="Moderate",IFS(E6="Validated",1,E6="Ongoing",0,E6="Not validated",0,E6="Not applicable",0,E6="To evaluate",0)) -> 1.5 | M6: =IFS(D6="Top priority",IFS(E6="Validated",1.5,E6="Ongoing",1.5,E6="Not validated",1.5,E6="Not applicable",0,E6="To evaluate",1.5),D6="Recommanded",IFS(E6="Validated",1.25,E6="Ongoing",1.25,E6="Not validated",1.25,E6="Not applicable",0,E6="To evaluate",1.25),D6="Moderate",IFS(E6="Validated",1,E6="Ongoing",1,E6="Not validated",1,E6="Not applicable",0,E6="To evaluate",1)) -> 1.5 | N6: Applicable to all services hosting media | O6: Network path verification shows low latency due to local hosting.
H7: Smart Library is hosted on the university network, ensuring that all content is delivered from servers geographically close to users.
B8: 8.3 | C8: Does the digital service use a hosting provider with a low PUE (Power Usage Effectiveness)? | D8: Top priority | E8: Validated | F8: =IF(D8<>"Moderate", "15/11/2025", "") -> 15/11/2025 | G8: Document the sustainability policies of the university hosting provider. | H8: Medium | L8: =IFS(D8="Top priority",IFS(E8="Validated",1.5,E8="Ongoing",0,E8="Not validated",0,E8="Not applicable",0,E8="To evaluate",0),D8="Recommanded",IFS(E8="Validated",1.25,E8="Ongoing",0,E8="Not validated",0,E8="Not applicable",0,E8="To evaluate",0),D8="Moderate",IFS(E8="Validated",1,E8="Ongoing",0,E8="Not validated",0,E8="Not applicable",0,E8="To evaluate",0)) -> 1.5 | M8: =IFS(D8="Top priority",IFS(E8="Validated",1.5,E8="Ongoing",1.5,E8="Not validated",1.5,E8="Not applicable",0,E8="To evaluate",1.5),D8="Recommanded",IFS(E8="Validated",1.25,E8="Ongoing",1.25,E8="Not validated",1.25,E8="Not applicable",0,E8="To evaluate",1.25),D8="Moderate",IFS(E8="Validated",1,E8="Ongoing",1,E8="Not validated",1,E8="Not applicable",0,E8="To evaluate",1)) -> 1.5 | N8: Applicable to all services | O8: Review of the hosting environment indicates consolidated, energy-efficient infrastructure.
H9: The service uses the university’s infrastructure, which benefits from shared resources and efficient data-center management.
B10: 8.4 | C10: Does the digital service use a hosting provider with a low WUE (Water Usage Effectiveness)? | D10: Recommanded | E10: Not applicable | F10: =IF(D10<>"Moderate", "15/11/2025", "") -> 15/11/2025 | G10: None needed unless heavy analytics are introduced later. | H10: Medium | L10: =IFS(D10="Top priority",IFS(E10="Validated",1.5,E10="Ongoing",0,E10="Not validated",0,E10="Not applicable",0,E10="To evaluate",0),D10="Recommanded",IFS(E10="Validated",1.25,E10="Ongoing",0,E10="Not validated",0,E10="Not applicable",0,E10="To evaluate",0),D10="Moderate",IFS(E10="Validated",1,E10="Ongoing",0,E10="Not validated",0,E10="Not applicable",0,E10="To evaluate",0)) -> 0 | M10: =IFS(D10="Top priority",IFS(E10="Validated",1.5,E10="Ongoing",1.5,E10="Not validated",1.5,E10="Not applicable",0,E10="To evaluate",1.5),D10="Recommanded",IFS(E10="Validated",1.25,E10="Ongoing",1.25,E10="Not validated",1.25,E10="Not applicable",0,E10="To evaluate",1.25),D10="Moderate",IFS(E10="Validated",1,E10="Ongoing",1,E10="Not validated",1,E10="Not applicable",0,E10="To evaluate",1)) -> 0 | N10: Applicable only to services with heavy compute workloads | O10: Architecture review confirms no compute-intensive operations exist.
H11: Smart Library does not perform heavy computation; only light occupancy data is processed.
B12: 8.5 | C12: Does the digital service use a hosting provider whose energy source is documented, and which is primarily renewable? | D12: Recommanded | E12: Validated | F12: =IF(D12<>"Moderate", "15/11/2025", "") -> 15/11/2025 | G12: Reevaluate server sizing if usage grows significantly. | H12: Low | L12: =IFS(D12="Top priority",IFS(E12="Validated",1.5,E12="Ongoing",0,E12="Not validated",0,E12="Not applicable",0,E12="To evaluate",0),D12="Recommanded",IFS(E12="Validated",1.25,E12="Ongoing",0,E12="Not validated",0,E12="Not applicable",0,E12="To evaluate",0),D12="Moderate",IFS(E12="Validated",1,E12="Ongoing",0,E12="Not validated",0,E12="Not applicable",0,E12="To evaluate",0)) -> 1.25 | M12: =IFS(D12="Top priority",IFS(E12="Validated",1.5,E12="Ongoing",1.5,E12="Not validated",1.5,E12="Not applicable",0,E12="To evaluate",1.5),D12="Recommanded",IFS(E12="Validated",1.25,E12="Ongoing",1.25,E12="Not validated",1.25,E12="Not applicable",0,E12="To evaluate",1.25),D12="Moderate",IFS(E12="Validated",1,E12="Ongoing",1,E12="Not validated",1,E12="Not applicable",0,E12="To evaluate",1)) -> 1.25 | N12: Applicable to all services | O12: Infrastructure review confirms server capacity matches expected load.
H13: The Smart Library service runs on minimal infrastructure appropriate to its small scale and predictable traffic patterns.

Sheet 8 Hosting (2)
A1: The content of these columns is used to generate the PDF to be published (use the PDF export function in this software). | H1: Columns for internal use (not published in the generated PDF) Complete these boxes if this will help you to progress. | L1: Columns to help assess the criterion (not published in the generated PDF) and example of an ecodesign declaration
A2: ID | C2: Name of the criteria | D2: Level of priority | E2: Evaluation | F2: Date of Evaluation | G2: Potential developments | H2: Level of difficulty | I2: Actions to be taken | J2: Who does ? | K2: For when ? | L2: Score By ID | M2: Denominator | N2: Target | O2: Summary of the means of testing or checking (consult the RGESN for the full version)
A3: 8 – Hosting (2/2) | B3: 8.6 | C3: Does the digital service use a hosting provider whose geographical location is consistent with its operations, and which minimises its environmental footprint? | D3: Recommanded | E3: Validated | F3: =IF(D3<>"Moderate", "15/11/2025", "") -> 15/11/2025 | G3: Use containerisation for easier scaling in future updates. | H3: Medium | L3: =IFS(D3="Top priority",IFS(E3="Validated",1.5,E3="Ongoing",0,E3="Not validated",0,E3="Not applicable",0,E3="To evaluate",0),D3="Recommanded",IFS(E3="Validated",1.25,E3="Ongoing",0,E3="Not validated",0,E3="Not applicable",0,E3="To evaluate",0),D3="Moderate",IFS(E3="Validated",1,E3="Ongoing",0,E3="Not validated",0,E3="Not applicable",0,E3="To evaluate",0)) -> 1.25 | M3: =IFS(D3="Top priority",IFS(E3="Validated",1.5,E3="Ongoing",1.5,E3="Not validated",1.5,E3="Not applicable",0,E3="To evaluate",1.5),D3="Recommanded",IFS(E3="Validated",1.25,E3="Ongoing",1.25,E3="Not validated",1.25,E3="Not applicable",0,E3="To evaluate",1.25),D3="Moderate",IFS(E3="Validated",1,E3="Ongoing",1,E3="Not validated",1,E3="Not applicable",0,E3="To evaluate",1)) -> 1.25 | N3: Applicable to all services | O3: Infrastructure documentation shows services deployed on virtualised systems.
H4: The Smart Library environment uses virtualised hosting provided by the university, reducing dedicated hardware requirements.
B5: 8.7 | C5: Does the digital service use a hosting provider that makes efficient use of the heat produced by its servers? | D5: Recommanded | E5: Ongoing | F5: =IF(D5<>"Moderate", "15/11/2025", "") -> 15/11/2025 | G5: Confirm the university provider’s renewable energy commitments or publish a sustainability note. | H5: High | I5: Request or verify renewable energy policy details from the hosting provider. | J5: Project team or sustainability lead. | K5: Before the final sustainability report. | L5: =IFS(D5="Top priority",IFS(E5="Validated",1.5,E5="Ongoing",0,E5="Not validated",0,E5="Not applicable",0,E5="To evaluate",0),D5="Recommanded",IFS(E5="Validated",1.25,E5="Ongoing",0,E5="Not validated",0,E5="Not applicable",0,E5="To evaluate",0),D5="Moderate",IFS(E5="Validated",1,E5="Ongoing",0,E5="Not validated",0,E5="Not applicable",0,E5="To evaluate",0)) -> 0 | M5: =IFS(D5="Top priority",IFS(E5="Validated",1.5,E5="Ongoing",1.5,E5="Not validated",1.5,E5="Not applicable",0,E5="To evaluate",1.5),D5="Recommanded",IFS(E5="Validated",1.25,E5="Ongoing",1.25,E5="Not validated",1.25,E5="Not applicable",0,E5="To evaluate",1.25),D5="Moderate",IFS(E5="Validated",1,E5="Ongoing",1,E5="Not validated",1,E5="Not applicable",0,E5="To evaluate",1)) -> 1.25 | N5: Applicable to all services | O5: Initial review indicates general sustainability initiatives but lacks a specific renewable energy declaration.
H6: The university infrastructure may include renewable energy sources, but no explicit documentation has been integrated into the project.
B7: 8.8 | C7: Does the digital service host “hot” and “cold” data differently? | D7: Moderate | E7: To evaluate | F7: =IF(D7<>"Moderate", "15/11/2025", "") | H7: High | L7: =IFS(D7="Top priority",IFS(E7="Validated",1.5,E7="Ongoing",0,E7="Not validated",0,E7="Not applicable",0,E7="To evaluate",0),D7="Recommanded",IFS(E7="Validated",1.25,E7="Ongoing",0,E7="Not validated",0,E7="Not applicable",0,E7="To evaluate",0),D7="Moderate",IFS(E7="Validated",1,E7="Ongoing",0,E7="Not validated",0,E7="Not applicable",0,E7="To evaluate",0)) -> 0 | M7: =IFS(D7="Top priority",IFS(E7="Validated",1.5,E7="Ongoing",1.5,E7="Not validated",1.5,E7="Not applicable",0,E7="To evaluate",1.5),D7="Recommanded",IFS(E7="Validated",1.25,E7="Ongoing",1.25,E7="Not validated",1.25,E7="Not applicable",0,E7="To evaluate",1.25),D7="Moderate",IFS(E7="Validated",1,E7="Ongoing",1,E7="Not validated",1,E7="Not applicable",0,E7="To evaluate",1)) -> 1 | N7: N/A if the digital service hosts the equivalent of less than 10 TB of data | O7: To validate this criterion, ensure that appropriate storage strategies are in place for cold data, taking their environmental footprint into account.
B9: 8.9 | C9: Does the digital service duplicate data only when necessary? | D9: Recommanded | E9: Validated | F9: =IF(D9<>"Moderate", "15/11/2025", "") -> 15/11/2025 | G9: Review backup frequency if data volume grows. | H9: Medium | L9: =IFS(D9="Top priority",IFS(E9="Validated",1.5,E9="Ongoing",0,E9="Not validated",0,E9="Not applicable",0,E9="To evaluate",0),D9="Recommanded",IFS(E9="Validated",1.25,E9="Ongoing",0,E9="Not validated",0,E9="Not applicable",0,E9="To evaluate",0),D9="Moderate",IFS(E9="Validated",1,E9="Ongoing",0,E9="Not validated",0,E9="Not applicable",0,E9="To evaluate",0)) -> 1.25 | M9: =IFS(D9="Top priority",IFS(E9="Validated",1.5,E9="Ongoing",1.5,E9="Not validated",1.5,E9="Not applicable",0,E9="To evaluate",1.5),D9="Recommanded",IFS(E9="Validated",1.25,E9="Ongoing",1.25,E9="Not validated",1.25,E9="Not applicable",0,E9="To evaluate",1.25),D9="Moderate",IFS(E9="Validated",1,E9="Ongoing",1,E9="Not validated",1,E9="Not applicable",0,E9="To evaluate",1)) -> 1.25 | N9: Applicable to all services using hosting | O9: Backend and hosting setup review confirmed that only essential backups and default provider redundancy are used.
H10: Smart Library stores very little data and does not use multiple replicas beyond what is provided by the hosting infrastructure. No unnecessary duplication is performed.
B11: 8.10 | C11: Does the digital service factor in outside constraints to minimise the environmental impact of asynchronous computing and data transfers? | D11: Recommanded | E11: Not applicable | F11: =IF(D11<>"Moderate", "15/11/2025", "") -> 15/11/2025 | G11: If asynchronous tasks are added later, schedule them outside peak hours. | H11: High | L11: =IFS(D11="Top priority",IFS(E11="Validated",1.5,E11="Ongoing",0,E11="Not validated",0,E11="Not applicable",0,E11="To evaluate",0),D11="Recommanded",IFS(E11="Validated",1.25,E11="Ongoing",0,E11="Not validated",0,E11="Not applicable",0,E11="To evaluate",0),D11="Moderate",IFS(E11="Validated",1,E11="Ongoing",0,E11="Not validated",0,E11="Not applicable",0,E11="To evaluate",0)) -> 0 | M11: =IFS(D11="Top priority",IFS(E11="Validated",1.5,E11="Ongoing",1.5,E11="Not validated",1.5,E11="Not applicable",0,E11="To evaluate",1.5),D11="Recommanded",IFS(E11="Validated",1.25,E11="Ongoing",1.25,E11="Not validated",1.25,E11="Not applicable",0,E11="To evaluate",1.25),D11="Moderate",IFS(E11="Validated",1,E11="Ongoing",1,E11="Not validated",1,E11="Not applicable",0,E11="To evaluate",1)) -> 0 | N11: N/A if the service has no asynchronous computing or time-shiftable transfers | O11: Code and architecture inspection confirm the absence of asynchronous or scheduled tasks.
H12: The service performs only simple synchronous API calls; no batch transfers or time-shifted tasks exist that would require optimisation based on external constraints.

Sheet 9 Algorithmics
A1: The content of these columns is used to generate the PDF to be published (use the PDF export function in this software). | H1: Columns for internal use (not published in the generated PDF) Complete these boxes if this will help you to progress. | L1: Columns to help assess the criterion (not published in the generated PDF) and example of an ecodesign declaration
A2: ID | C2: Name of the criteria | D2: Level of priority | E2: Evaluation | F2: Date of Evaluation | G2: Potential developments | H2: Level of difficulty | I2: Actions to be taken | J2: Who does ? | K2: For when ? | L2: Score By ID | M2: Denominator | N2: Target | O2: Summary of the means of testing or checking (consult the RGESN for the full version)
A3: 9 – Algorithmics | B3: 9.1 | C3: Has the digital service questioned the need for a training phase to avoid unsubstantiated and unreasonable usage? | D3: Top priority | E3: Validated | F3: =IF(D3<>"Moderate", "15/11/2025", "") -> 15/11/2025 | G3: Reevaluate the need for ML if future features expand. | H3: Low | L3: =IFS(D3="Top priority",IFS(E3="Validated",1.5,E3="Ongoing",0,E3="Not validated",0,E3="Not applicable",0,E3="To evaluate",0),D3="Recommanded",IFS(E3="Validated",1.25,E3="Ongoing",0,E3="Not validated",0,E3="Not applicable",0,E3="To evaluate",0),D3="Moderate",IFS(E3="Validated",1,E3="Ongoing",0,E3="Not validated",0,E3="Not applicable",0,E3="To evaluate",0)) -> 1.5 | M3: =IFS(D3="Top priority",IFS(E3="Validated",1.5,E3="Ongoing",1.5,E3="Not validated",1.5,E3="Not applicable",0,E3="To evaluate",1.5),D3="Recommanded",IFS(E3="Validated",1.25,E3="Ongoing",1.25,E3="Not validated",1.25,E3="Not applicable",0,E3="To evaluate",1.25),D3="Moderate",IFS(E3="Validated",1,E3="Ongoing",1,E3="Not validated",1,E3="Not applicable",0,E3="To evaluate",1)) -> 1.5 | N3: Applicable to all services | O3: Review of requirements and architecture confirms no training phase was implemented.
H4: Smart Library assessed whether ML was necessary and concluded that simple rule-based logic was sufficient, avoiding energy-intensive model training.
B5: 9.2 | C5: Does the digital service use a training phase with a minimised level of complexity proportionate to the actual use of the service? | D5: Top priority | E5: Not applicable | F5: =IF(D5<>"Moderate", "15/11/2025", "") -> 15/11/2025 | G5: None unless ML features are added later. | H5: Medium | L5: =IFS(D5="Top priority",IFS(E5="Validated",1.5,E5="Ongoing",0,E5="Not validated",0,E5="Not applicable",0,E5="To evaluate",0),D5="Recommanded",IFS(E5="Validated",1.25,E5="Ongoing",0,E5="Not validated",0,E5="Not applicable",0,E5="To evaluate",0),D5="Moderate",IFS(E5="Validated",1,E5="Ongoing",0,E5="Not validated",0,E5="Not applicable",0,E5="To evaluate",0)) -> 0 | M5: =IFS(D5="Top priority",IFS(E5="Validated",1.5,E5="Ongoing",1.5,E5="Not validated",1.5,E5="Not applicable",0,E5="To evaluate",1.5),D5="Recommanded",IFS(E5="Validated",1.25,E5="Ongoing",1.25,E5="Not validated",1.25,E5="Not applicable",0,E5="To evaluate",1.25),D5="Moderate",IFS(E5="Validated",1,E5="Ongoing",1,E5="Not validated",1,E5="Not applicable",0,E5="To evaluate",1)) -> 0 | N5: Applicable only to services using ML | O5: Architecture review confirms no ML models or datasets requiring training.
H6: Smart Library has no training phase; all processing uses simple deterministic rules.
B7: 9.3 | C7: Has the digital service implemented mechanisms for limiting the amount of training needed for it to operate? | D7: Top priority | E7: Not applicable | F7: =IF(D7<>"Moderate", "15/11/2025", "") -> 15/11/2025 | G7: None needed. | H7: High | L7: =IFS(D7="Top priority",IFS(E7="Validated",1.5,E7="Ongoing",0,E7="Not validated",0,E7="Not applicable",0,E7="To evaluate",0),D7="Recommanded",IFS(E7="Validated",1.25,E7="Ongoing",0,E7="Not validated",0,E7="Not applicable",0,E7="To evaluate",0),D7="Moderate",IFS(E7="Validated",1,E7="Ongoing",0,E7="Not validated",0,E7="Not applicable",0,E7="To evaluate",0)) -> 0 | M7: =IFS(D7="Top priority",IFS(E7="Validated",1.5,E7="Ongoing",1.5,E7="Not validated",1.5,E7="Not applicable",0,E7="To evaluate",1.5),D7="Recommanded",IFS(E7="Validated",1.25,E7="Ongoing",1.25,E7="Not validated",1.25,E7="Not applicable",0,E7="To evaluate",1.25),D7="Moderate",IFS(E7="Validated",1,E7="Ongoing",1,E7="Not validated",1,E7="Not applicable",0,E7="To evaluate",1)) -> 0 | N7: Applicable only if a training pipeline exists | O7: Technical analysis confirms no retraining or model updates exist.
H8: No training is performed by the service, so no limitation mechanisms are relevant.
B9: 9.4 | C9: Does the digital service limit the amount of data used for the training phase to what is strictly necessary? | D9: Top priority | E9: Validated | F9: =IF(D9<>"Moderate", "15/11/2025", "") -> 15/11/2025 | G9: Further simplify backend logic if additional features are added. | H9: Low | L9: =IFS(D9="Top priority",IFS(E9="Validated",1.5,E9="Ongoing",0,E9="Not validated",0,E9="Not applicable",0,E9="To evaluate",0),D9="Recommanded",IFS(E9="Validated",1.25,E9="Ongoing",0,E9="Not validated",0,E9="Not applicable",0,E9="To evaluate",0),D9="Moderate",IFS(E9="Validated",1,E9="Ongoing",0,E9="Not validated",0,E9="Not applicable",0,E9="To evaluate",0)) -> 1.5 | M9: =IFS(D9="Top priority",IFS(E9="Validated",1.5,E9="Ongoing",1.5,E9="Not validated",1.5,E9="Not applicable",0,E9="To evaluate",1.5),D9="Recommanded",IFS(E9="Validated",1.25,E9="Ongoing",1.25,E9="Not validated",1.25,E9="Not applicable",0,E9="To evaluate",1.25),D9="Moderate",IFS(E9="Validated",1,E9="Ongoing",1,E9="Not validated",1,E9="Not applicable",0,E9="To evaluate",1)) -> 1.5 | N9: Applicable to all services | O9: Backend inspection confirms no unnecessary layers of processing.
H10: Smart Library processes only essential operations: reading occupancy values and returning simple responses, keeping the processing chain minimal.
B11: 9.5 | C11: Does the digital service optimise model updates and retraining according to its own needs and those of target users? | D11: Top priority | E11: Validated | F11: =IF(D11<>"Moderate", "15/11/2025", "") -> 15/11/2025 | G11: Avoid introducing heavy filtering or calculation logic in future versions. | H11: Low | L11: =IFS(D11="Top priority",IFS(E11="Validated",1.5,E11="Ongoing",0,E11="Not validated",0,E11="Not applicable",0,E11="To evaluate",0),D11="Recommanded",IFS(E11="Validated",1.25,E11="Ongoing",0,E11="Not validated",0,E11="Not applicable",0,E11="To evaluate",0),D11="Moderate",IFS(E11="Validated",1,E11="Ongoing",0,E11="Not validated",0,E11="Not applicable",0,E11="To evaluate",0)) -> 1.5 | M11: =IFS(D11="Top priority",IFS(E11="Validated",1.5,E11="Ongoing",1.5,E11="Not validated",1.5,E11="Not applicable",0,E11="To evaluate",1.5),D11="Recommanded",IFS(E11="Validated",1.25,E11="Ongoing",1.25,E11="Not validated",1.25,E11="Not applicable",0,E11="To evaluate",1.25),D11="Moderate",IFS(E11="Validated",1,E11="Ongoing",1,E11="Not validated",1,E11="Not applicable",0,E11="To evaluate",1)) -> 1.5 | N11: Applicable to all services | O11: Code review shows simple loops and lightweight operations.
H12: Only basic filtering (e.g., rooms by name or status) is used, relying on minimal in-memory operations.
B13: 9.6 | C13: Does the digital service use compression techniques for the models used during the training phase? | D13: Recommanded | E13: Validated | F13: =IF(D13<>"Moderate", "15/11/2025", "") -> 15/11/2025 | G13: Ensure any new features maintain low computational complexity. | H13: Medium | L13: =IFS(D13="Top priority",IFS(E13="Validated",1.5,E13="Ongoing",0,E13="Not validated",0,E13="Not applicable",0,E13="To evaluate",0),D13="Recommanded",IFS(E13="Validated",1.25,E13="Ongoing",0,E13="Not validated",0,E13="Not applicable",0,E13="To evaluate",0),D13="Moderate",IFS(E13="Validated",1,E13="Ongoing",0,E13="Not validated",0,E13="Not applicable",0,E13="To evaluate",0)) -> 1.25 | M13: =IFS(D13="Top priority",IFS(E13="Validated",1.5,E13="Ongoing",1.5,E13="Not validated",1.5,E13="Not applicable",0,E13="To evaluate",1.5),D13="Recommanded",IFS(E13="Validated",1.25,E13="Ongoing",1.25,E13="Not validated",1.25,E13="Not applicable",0,E13="To evaluate",1.25),D13="Moderate",IFS(E13="Validated",1,E13="Ongoing",1,E13="Not validated",1,E13="Not applicable",0,E13="To evaluate",1)) -> 1.25 | N13: Applicable to all services | O13: Logic inspection confirms calculations are simple and called only when necessary.
H14: Smart Library’s algorithms are straightforward and run only on demand; no heavy or continuous computations exist.
B15: 9.7 | C15: Does the digital service use an inference strategy that is optimised in terms of resource consumption and target users? | D15: Top priority | E15: Ongoing | F15: =IF(D15<>"Moderate", "15/11/2025", "") -> 15/11/2025 | G15: Reduce repeated requests by introducing a lightweight local cache. | H15: Low | I15: Implement a small caching mechanism for frequently requested occupancy values. | J15: Backend developer. | K15: Next backend update. | L15: =IFS(D15="Top priority",IFS(E15="Validated",1.5,E15="Ongoing",0,E15="Not validated",0,E15="Not applicable",0,E15="To evaluate",0),D15="Recommanded",IFS(E15="Validated",1.25,E15="Ongoing",0,E15="Not validated",0,E15="Not applicable",0,E15="To evaluate",0),D15="Moderate",IFS(E15="Validated",1,E15="Ongoing",0,E15="Not validated",0,E15="Not applicable",0,E15="To evaluate",0)) -> 0 | M15: =IFS(D15="Top priority",IFS(E15="Validated",1.5,E15="Ongoing",1.5,E15="Not validated",1.5,E15="Not applicable",0,E15="To evaluate",1.5),D15="Recommanded",IFS(E15="Validated",1.25,E15="Ongoing",1.25,E15="Not validated",1.25,E15="Not applicable",0,E15="To evaluate",1.25),D15="Moderate",IFS(E15="Validated",1,E15="Ongoing",1,E15="Not validated",1,E15="Not applicable",0,E15="To evaluate",1)) -> 1.5 | N15: Applicable to all services | O15: Backend analysis shows repeated similar data requests when some caching could help.
H16: The service currently calls occupancy data endpoints each time; caching could reduce unnecessary external requests.
